total_return_pct,annualized_return_pct,max_drawdown_pct,max_dd_days,sharpe,win_rate_pct,total_pnl,commission,sessions,total_trades,recenters,exits,round_trips,ENTRY_MAX_ADX,ENTRY_MAX_ATR_PCT,GRID_SPACING_ATR_MULTIPLIER,GRID_RECENTER_THRESHOLD_ATR,EXIT_MAX_ADX,score,perturb
391.5977277792178,37.58420237520017,19.999121764660707,426,0.3969366352096555,68.08510638297872,7919.626681584365,121.245846415644,48,339,34,47,47,24,0.045,0.4,1.0,22,0.5743326876959127,GRID_SPACING_ATR_MULTIPLIER-20%
222.2627252125778,26.422164000648873,12.278866877062566,1086,0.31519777990701037,54.166666666666664,4524.692146251558,78.07445524844539,38,218,13,37,24,20,0.045,0.4,1.0,18,0.4907310938448165,GRID_RECENTER_THRESHOLD_ATR-20%
224.28419144559894,26.580652121373994,14.691839132946724,1086,0.3199434845932498,68.57142857142857,4565.121470911987,89.8359415880163,27,252,28,26,35,20,0.036,0.4,1.0,22,0.4693540086413879,ENTRY_MAX_ADX-20%
235.2779697553375,27.42901891466154,15.70873004597175,1101,0.31909171384689994,56.75675675675676,4783.38587510675,106.99199089325269,34,300,41,33,37,20,0.045,0.4,0.8,22,0.46827647060866096,GRID_RECENTER_THRESHOLD_ATR+20%
219.40131809046574,26.19645772700516,14.570450415488803,1101,0.3192843108335265,62.857142857142854,4464.088165809319,97.7716621906833,34,274,32,33,35,20,0.045,0.48,1.0,22,0.4660855819437989,GRID_SPACING_ATR_MULTIPLIER+20%
230.0086548200945,27.025217976397407,15.677197258624892,1086,0.31993453970637464,57.57575757575758,4676.119388401883,96.0296605981177,34,269,22,33,33,20,0.045,0.4,1.2,22,0.4649810526551655,EXIT_MAX_ADX-20%
224.54529808283624,26.601065893007924,15.219378907495626,1086,0.31716355023313747,63.1578947368421,4570.343603656729,104.8396513432745,34,294,32,33,38,20,0.045,0.4,1.0,22,0.46304549636355175,ENTRY_MAX_ADX+20%
217.00474543730937,26.00616971728156,15.550653251253893,1086,0.3265388266994381,55.10204081632652,4419.532550746192,116.6937342538143,27,328,54,26,49,20,0.045,0.4,1.0,26,0.45971556594490737,EXIT_MAX_ADX+20%
222.25208415892638,26.42132761404725,15.31244560478869,1101,0.3156590030928194,60.526315789473685,4524.539331178532,106.24786132147099,34,298,32,33,38,20,0.045,0.32000000000000006,1.0,22,0.45947535402488004,ENTRY_MAX_ATR_PCT-20%
229.65178750029938,26.997684388499476,19.375223585162146,1037,0.31478161037083363,63.1578947368421,4672.4733920059925,112.3189729940104,37,315,34,36,38,20,0.054,0.4,1.0,22,0.4342060201780325,ENTRY_MAX_ATR_PCT+20%
-7.254094946614418,-1.4974921901679372,29.70293912238088,1239,-0.60934832830384,66.66666666666666,-67.18749893228828,47.339143432289895,15,133,14,14,18,16,0.045,0.4,1.0,22,-0.3765996841075352,baseline
