DEFENSIVE_MIN_REBOUND_ATR_TO_SELL,SESSION_ABSOLUTE_MAX_AGE_BARS,SESSION_HARD_STOP_PCT,SESSION_MAX_AGE_BARS,SESSION_MAX_BUY_LEVELS_NORMAL,SESSION_MAX_POSITION_VALUE_PCT_NORMAL,SESSION_MIN_PROFIT_TO_PROTECT_PCT,SESSION_SOFT_STOP_PCT,SESSION_STRONG_PROFIT_PARTIAL_EXIT_RATIO,SESSION_STRONG_PROFIT_PCT,SESSION_TRAILING_GIVEBACK_RATIO,TREND_RISK_SCORE_DEFENSIVE,annualized_return_pct,average_session_pnl,avg_trades_per_session,defensive_mode_ratio,diag_avg_realized_session,diag_avg_unrealized_session,diag_base_exit_loss,diag_buy_fills_per_session,diag_grid_close_count,diag_grid_pnl_total,diag_sell_fills_per_session,diag_sessions_with_grid_sell,exit_reason_breakdown,forced_exit_count,forced_exit_ratio,grid_close_win_rate,max_drawdown_pct,max_session_loss,profit_factor,profit_protect_exit,score,session_count,session_win_rate,sharpe,timeout_exit,total_grid_sessions,total_return_pct,total_trades,wf_rank,wf_train_end,wf_train_start,wf_valid_end,wf_valid_start
0.3,60,0.03,40,4,0.55,0.005,0.015,0.25,0.012,0.5,65,0.0,0.0,0.0,0.0,0.0,0.0,0.0,0.0,0,0.0,0.0,0,{},0,0.0,0.0,0.0,0.0,0.0,0,-0.75,0,0.0,0.0,0,0,0.0,0,1,2022-01-04,2021-01-04,2022-04-05,2022-01-04
0.3,60,0.03,40,4,0.55,0.005,0.015,0.25,0.012,0.5,65,0.0,0.0,0.0,0.0,0.0,0.0,0.0,0.0,0,0.0,0.0,0,{},0,0.0,0.0,0.0,0.0,0.0,0,-0.75,0,0.0,0.0,0,0,0.0,0,1,2022-04-05,2021-04-05,2022-07-05,2022-04-05
0.3,60,0.03,40,4,0.55,0.005,0.015,0.25,0.012,0.5,65,0.0,0.0,0.0,0.0,0.0,0.0,0.0,0.0,0,0.0,0.0,0,{},0,0.0,0.0,0.0,0.0,0.0,0,-0.75,0,0.0,0.0,0,0,0.0,0,1,2022-07-05,2021-07-05,2022-10-04,2022-07-05
0.3,60,0.03,40,4,0.55,0.005,0.015,0.25,0.012,0.5,65,-0.9349580906204746,22.04221250000003,2.5,0.0,0.0,22.04221250000003,0.0,2.0,0,-11.696533431834947,0.5,0,"{""age"": 1, ""profit_protect"": 1}",0,0.0,0.0,1.323795719167525,0.0,0.0,1,-1.2633057721741805,2,50.0,-2.0080480125009617,1,3,-0.23119588431834928,7,1,2022-10-04,2021-10-04,2023-01-03,2022-10-04
0.3,60,0.03,40,4,0.55,0.005,0.015,0.25,0.012,0.5,65,8.025685775876013,64.2871515529532,4.0,0.0,64.16175520001204,0.12539635294116191,0.0,1.6666666666666667,6,192.04379120468764,2.3333333333333335,2,"{""age"": 3}",0,0.0,85.71428571428571,2.1054171142802733,0.0,0.0,0,-0.6889128782962215,3,66.66666666666666,0.12594311358319926,3,3,1.920437912046891,12,1,2023-01-03,2022-01-03,2023-04-04,2023-01-03
0.3,60,0.03,40,4,0.55,0.005,0.015,0.25,0.012,0.5,65,0.0,0.0,0.0,0.0,0.0,0.0,0.0,0.0,0,0.0,0.0,0,{},0,0.0,0.0,0.0,0.0,0.0,0,-0.75,0,0.0,0.0,0,0,0.0,0,1,2023-04-04,2022-04-04,2023-07-04,2023-04-04
0.3,60,0.03,40,4,0.55,0.005,0.015,0.25,0.012,0.5,65,0.0,0.0,0.0,0.0,0.0,0.0,0.0,0.0,0,0.0,0.0,0,"{""age"": 1}",0,0.0,0.0,0.0,0.0,0.0,0,-0.75,1,0.0,0.0,1,1,0.0,0,1,2023-07-04,2022-07-04,2023-10-03,2023-07-04
0.3,60,0.03,40,4,0.55,0.005,0.015,0.25,0.012,0.5,65,-4.093112618389716,-101.3839400000001,4.0,0.0,0.0,-101.3839400000001,0.0,3.0,0,-102.45077064725892,1.0,0,"{""age"": 1}",0,0.0,0.0,1.521839400000008,-101.3839400000001,0.0,0,-2.131308627813641,1,0.0,-5.41293547088677,1,1,-1.0245077064725956,4,1,2023-10-03,2022-10-03,2024-01-02,2023-10-03
0.3,60,0.03,40,4,0.55,0.005,0.015,0.25,0.012,0.5,65,1.9746800523258168,12.939089452105552,3.8,0.0,14.076054180132207,-1.1369647280266555,0.0,1.8,5,48.299499970814765,2.0,3,"{""age"": 3, ""profit_protect"": 2}",0,0.0,80.0,0.9707712100153716,-25.031215999999993,3.584590667130505,2,1.630803584292686,5,80.0,-1.2506358410669802,3,6,0.482994999708153,19,1,2024-01-02,2023-01-02,2024-04-02,2024-01-02
0.3,60,0.03,40,4,0.55,0.005,0.015,0.25,0.012,0.5,65,0.0,0.0,0.0,0.0,0.0,0.0,0.0,0.0,0,0.0,0.0,0,"{""age"": 1}",0,0.0,0.0,0.0,0.0,0.0,0,-0.75,1,0.0,0.0,1,2,0.0,0,1,2024-04-02,2023-04-03,2024-07-02,2024-04-02
0.3,60,0.03,40,4,0.55,0.005,0.015,0.25,0.012,0.5,65,0.0,0.0,0.0,0.0,0.0,0.0,0.0,0.0,0,0.0,0.0,0,{},0,0.0,0.0,0.0,0.0,0.0,0,-0.75,0,0.0,0.0,0,1,0.0,0,1,2024-07-02,2023-07-03,2024-10-01,2024-07-02
0.3,60,0.03,40,4,0.55,0.005,0.015,0.25,0.012,0.5,65,1.0516919298612093,5.068575999999894,4.0,0.0,0.0,5.068575999999894,0.0,3.0,0,25.812314995136045,1.0,0,"{""age"": 1}",0,0.0,100.0,0.3162652405144633,5.068575999999894,0.0,0,-1.5528941767996294,1,100.0,-3.226285240985452,1,1,0.25812314995135244,4,1,2024-10-01,2023-10-02,2024-12-31,2024-10-01
0.3,60,0.03,40,4,0.55,0.005,0.015,0.25,0.012,0.5,65,1.2102234477505913,31.215466524571973,5.0,0.0,27.689437307180647,3.5260292173913257,0.0,2.0,2,29.68567015651695,3.0,1,"{""profit_protect"": 1}",0,0.0,100.0,0.44185153869559235,31.215466524571973,0.0,1,-1.4532588111873472,1,100.0,-2.828402682930489,0,1,0.296856701565157,5,1,2024-12-31,2024-01-01,2025-04-01,2024-12-31
0.3,60,0.03,40,4,0.55,0.005,0.015,0.25,0.012,0.5,65,-1.0664002827453167,-7.81210899999985,3.5,0.0,0.0,-7.81210899999985,0.0,2.5,0,-26.383051140393558,1.0,0,"{""age"": 2}",0,0.0,0.0,1.914369920675281,-16.493771999999673,0.05272014188143195,0,-0.9863138172741748,2,50.0,-1.043800290672583,2,2,-0.26383051140395763,7,1,2025-04-01,2024-04-01,2025-07-01,2025-04-01
0.3,60,0.03,40,4,0.55,0.005,0.015,0.25,0.012,0.5,65,-0.08209103412893937,0.0,0.0,0.0,0.0,0.0,0.0,0.0,0,0.0,0.0,0,{},0,0.0,0.0,0.031934030000011264,0.0,0.0,0,-18.516162576971258,0,0.0,-71.06236980660245,0,1,-0.020234030000010533,3,1,2025-07-01,2024-07-01,2025-09-30,2025-07-01
0.3,60,0.03,40,4,0.55,0.005,0.015,0.25,0.012,0.5,65,-6.491709502659992,-66.625022,2.0,0.0,0.0,-66.625022,0.0,1.5,0,-164.02814458698901,0.5,0,"{""age"": 2}",0,0.0,0.0,1.640281445869896,-133.250044,0.0,0,-2.3542361903975975,2,0.0,-6.254304942619793,2,2,-1.640281445869896,4,1,2025-09-30,2024-09-30,2025-12-30,2025-09-30
0.3,60,0.03,40,4,0.55,0.005,0.015,0.25,0.012,0.5,65,1.894743135214827,23.17902050256371,2.0,0.0,23.17902050256371,0.0,0.0,1.0,2,46.35804100512742,1.0,1,"{""age"": 2}",0,0.0,100.0,0.09518995000000359,0.0,0.0,0,-1.6463843200405794,2,50.0,-3.621528343866614,2,2,0.4635804100512541,4,1,2025-12-30,2024-12-30,2026-03-31,2025-12-30
0.5,60,0.03,40,4,0.45,0.005,0.015,0.25,0.012,0.5,65,0.0,0.0,0.0,0.0,0.0,0.0,0.0,0.0,0,0.0,0.0,0,{},0,0.0,0.0,0.0,0.0,0.0,0,-0.75,0,0.0,0.0,0,0,0.0,0,2,2022-01-04,2021-01-04,2022-04-05,2022-01-04
0.5,60,0.03,40,4,0.45,0.005,0.015,0.25,0.012,0.5,65,0.0,0.0,0.0,0.0,0.0,0.0,0.0,0.0,0,0.0,0.0,0,{},0,0.0,0.0,0.0,0.0,0.0,0,-0.75,0,0.0,0.0,0,0,0.0,0,2,2022-04-05,2021-04-05,2022-07-05,2022-04-05
0.5,60,0.03,40,4,0.45,0.005,0.015,0.25,0.012,0.5,65,0.0,0.0,0.0,0.0,0.0,0.0,0.0,0.0,0,0.0,0.0,0,{},0,0.0,0.0,0.0,0.0,0.0,0,-0.75,0,0.0,0.0,0,0,0.0,0,2,2022-07-05,2021-07-05,2022-10-04,2022-07-05
0.5,60,0.03,40,4,0.45,0.005,0.015,0.25,0.012,0.5,65,-0.9349580906204746,22.04221250000003,2.5,0.0,0.0,22.04221250000003,0.0,2.0,0,-11.696533431834947,0.5,0,"{""age"": 1, ""profit_protect"": 1}",0,0.0,0.0,1.323795719167525,0.0,0.0,1,-1.2633057721741805,2,50.0,-2.0080480125009617,1,3,-0.23119588431834928,7,2,2022-10-04,2021-10-04,2023-01-03,2022-10-04
0.5,60,0.03,40,4,0.45,0.005,0.015,0.25,0.012,0.5,65,8.025685775876013,64.2871515529532,4.0,0.0,64.16175520001204,0.12539635294116191,0.0,1.6666666666666667,6,192.04379120468764,2.3333333333333335,2,"{""age"": 3}",0,0.0,85.71428571428571,2.1054171142802733,0.0,0.0,0,-0.6889128782962215,3,66.66666666666666,0.12594311358319926,3,3,1.920437912046891,12,2,2023-01-03,2022-01-03,2023-04-04,2023-01-03
0.5,60,0.03,40,4,0.45,0.005,0.015,0.25,0.012,0.5,65,0.0,0.0,0.0,0.0,0.0,0.0,0.0,0.0,0,0.0,0.0,0,{},0,0.0,0.0,0.0,0.0,0.0,0,-0.75,0,0.0,0.0,0,0,0.0,0,2,2023-04-04,2022-04-04,2023-07-04,2023-04-04
0.5,60,0.03,40,4,0.45,0.005,0.015,0.25,0.012,0.5,65,0.0,0.0,0.0,0.0,0.0,0.0,0.0,0.0,0,0.0,0.0,0,"{""age"": 1}",0,0.0,0.0,0.0,0.0,0.0,0,-0.75,1,0.0,0.0,1,1,0.0,0,2,2023-07-04,2022-07-04,2023-10-03,2023-07-04
0.5,60,0.03,40,4,0.45,0.005,0.015,0.25,0.012,0.5,65,-4.093112618389716,-101.3839400000001,4.0,0.0,0.0,-101.3839400000001,0.0,3.0,0,-102.45077064725892,1.0,0,"{""age"": 1}",0,0.0,0.0,1.521839400000008,-101.3839400000001,0.0,0,-2.131308627813641,1,0.0,-5.41293547088677,1,1,-1.0245077064725956,4,2,2023-10-03,2022-10-03,2024-01-02,2023-10-03
0.5,60,0.03,40,4,0.45,0.005,0.015,0.25,0.012,0.5,65,1.9746800523258168,12.939089452105552,3.8,0.0,14.076054180132207,-1.1369647280266555,0.0,1.8,5,48.299499970814765,2.0,3,"{""age"": 3, ""profit_protect"": 2}",0,0.0,80.0,0.9707712100153716,-25.031215999999993,3.584590667130505,2,1.630803584292686,5,80.0,-1.2506358410669802,3,6,0.482994999708153,19,2,2024-01-02,2023-01-02,2024-04-02,2024-01-02
0.5,60,0.03,40,4,0.45,0.005,0.015,0.25,0.012,0.5,65,0.0,0.0,0.0,0.0,0.0,0.0,0.0,0.0,0,0.0,0.0,0,"{""age"": 1}",0,0.0,0.0,0.0,0.0,0.0,0,-0.75,1,0.0,0.0,1,2,0.0,0,2,2024-04-02,2023-04-03,2024-07-02,2024-04-02
0.5,60,0.03,40,4,0.45,0.005,0.015,0.25,0.012,0.5,65,0.0,0.0,0.0,0.0,0.0,0.0,0.0,0.0,0,0.0,0.0,0,{},0,0.0,0.0,0.0,0.0,0.0,0,-0.75,0,0.0,0.0,0,1,0.0,0,2,2024-07-02,2023-07-03,2024-10-01,2024-07-02
0.5,60,0.03,40,4,0.45,0.005,0.015,0.25,0.012,0.5,65,1.0516919298612093,5.068575999999894,4.0,0.0,0.0,5.068575999999894,0.0,3.0,0,25.812314995136045,1.0,0,"{""age"": 1}",0,0.0,100.0,0.3162652405144633,5.068575999999894,0.0,0,-1.5528941767996294,1,100.0,-3.226285240985452,1,1,0.25812314995135244,4,2,2024-10-01,2023-10-02,2024-12-31,2024-10-01
0.5,60,0.03,40,4,0.45,0.005,0.015,0.25,0.012,0.5,65,1.2102234477505913,31.215466524571973,5.0,0.0,27.689437307180647,3.5260292173913257,0.0,2.0,2,29.68567015651695,3.0,1,"{""profit_protect"": 1}",0,0.0,100.0,0.44185153869559235,31.215466524571973,0.0,1,-1.4532588111873472,1,100.0,-2.828402682930489,0,1,0.296856701565157,5,2,2024-12-31,2024-01-01,2025-04-01,2024-12-31
0.5,60,0.03,40,4,0.45,0.005,0.015,0.25,0.012,0.5,65,-1.0664002827453167,-7.81210899999985,3.5,0.0,0.0,-7.81210899999985,0.0,2.5,0,-26.383051140393558,1.0,0,"{""age"": 2}",0,0.0,0.0,1.914369920675281,-16.493771999999673,0.05272014188143195,0,-0.9863138172741748,2,50.0,-1.043800290672583,2,2,-0.26383051140395763,7,2,2025-04-01,2024-04-01,2025-07-01,2025-04-01
0.5,60,0.03,40,4,0.45,0.005,0.015,0.25,0.012,0.5,65,-0.08209103412893937,0.0,0.0,0.0,0.0,0.0,0.0,0.0,0,0.0,0.0,0,{},0,0.0,0.0,0.031934030000011264,0.0,0.0,0,-18.516162576971258,0,0.0,-71.06236980660245,0,1,-0.020234030000010533,3,2,2025-07-01,2024-07-01,2025-09-30,2025-07-01
0.5,60,0.03,40,4,0.45,0.005,0.015,0.25,0.012,0.5,65,-6.491709502659992,-66.625022,2.0,0.0,0.0,-66.625022,0.0,1.5,0,-164.02814458698901,0.5,0,"{""age"": 2}",0,0.0,0.0,1.640281445869896,-133.250044,0.0,0,-2.3542361903975975,2,0.0,-6.254304942619793,2,2,-1.640281445869896,4,2,2025-09-30,2024-09-30,2025-12-30,2025-09-30
0.5,60,0.03,40,4,0.45,0.005,0.015,0.25,0.012,0.5,65,1.894743135214827,23.17902050256371,2.0,0.0,23.17902050256371,0.0,0.0,1.0,2,46.35804100512742,1.0,1,"{""age"": 2}",0,0.0,100.0,0.09518995000000359,0.0,0.0,0,-1.6463843200405794,2,50.0,-3.621528343866614,2,2,0.4635804100512541,4,2,2025-12-30,2024-12-30,2026-03-31,2025-12-30
0.3,60,0.03,40,4,0.45,0.005,0.015,0.25,0.012,0.5,65,0.0,0.0,0.0,0.0,0.0,0.0,0.0,0.0,0,0.0,0.0,0,{},0,0.0,0.0,0.0,0.0,0.0,0,-0.75,0,0.0,0.0,0,0,0.0,0,3,2022-01-04,2021-01-04,2022-04-05,2022-01-04
0.3,60,0.03,40,4,0.45,0.005,0.015,0.25,0.012,0.5,65,0.0,0.0,0.0,0.0,0.0,0.0,0.0,0.0,0,0.0,0.0,0,{},0,0.0,0.0,0.0,0.0,0.0,0,-0.75,0,0.0,0.0,0,0,0.0,0,3,2022-04-05,2021-04-05,2022-07-05,2022-04-05
0.3,60,0.03,40,4,0.45,0.005,0.015,0.25,0.012,0.5,65,0.0,0.0,0.0,0.0,0.0,0.0,0.0,0.0,0,0.0,0.0,0,{},0,0.0,0.0,0.0,0.0,0.0,0,-0.75,0,0.0,0.0,0,0,0.0,0,3,2022-07-05,2021-07-05,2022-10-04,2022-07-05
0.3,60,0.03,40,4,0.45,0.005,0.015,0.25,0.012,0.5,65,-0.9349580906204746,22.04221250000003,2.5,0.0,0.0,22.04221250000003,0.0,2.0,0,-11.696533431834947,0.5,0,"{""age"": 1, ""profit_protect"": 1}",0,0.0,0.0,1.323795719167525,0.0,0.0,1,-1.2633057721741805,2,50.0,-2.0080480125009617,1,3,-0.23119588431834928,7,3,2022-10-04,2021-10-04,2023-01-03,2022-10-04
0.3,60,0.03,40,4,0.45,0.005,0.015,0.25,0.012,0.5,65,8.025685775876013,64.2871515529532,4.0,0.0,64.16175520001204,0.12539635294116191,0.0,1.6666666666666667,6,192.04379120468764,2.3333333333333335,2,"{""age"": 3}",0,0.0,85.71428571428571,2.1054171142802733,0.0,0.0,0,-0.6889128782962215,3,66.66666666666666,0.12594311358319926,3,3,1.920437912046891,12,3,2023-01-03,2022-01-03,2023-04-04,2023-01-03
0.3,60,0.03,40,4,0.45,0.005,0.015,0.25,0.012,0.5,65,0.0,0.0,0.0,0.0,0.0,0.0,0.0,0.0,0,0.0,0.0,0,{},0,0.0,0.0,0.0,0.0,0.0,0,-0.75,0,0.0,0.0,0,0,0.0,0,3,2023-04-04,2022-04-04,2023-07-04,2023-04-04
0.3,60,0.03,40,4,0.45,0.005,0.015,0.25,0.012,0.5,65,0.0,0.0,0.0,0.0,0.0,0.0,0.0,0.0,0,0.0,0.0,0,"{""age"": 1}",0,0.0,0.0,0.0,0.0,0.0,0,-0.75,1,0.0,0.0,1,1,0.0,0,3,2023-07-04,2022-07-04,2023-10-03,2023-07-04
0.3,60,0.03,40,4,0.45,0.005,0.015,0.25,0.012,0.5,65,-4.093112618389716,-101.3839400000001,4.0,0.0,0.0,-101.3839400000001,0.0,3.0,0,-102.45077064725892,1.0,0,"{""age"": 1}",0,0.0,0.0,1.521839400000008,-101.3839400000001,0.0,0,-2.131308627813641,1,0.0,-5.41293547088677,1,1,-1.0245077064725956,4,3,2023-10-03,2022-10-03,2024-01-02,2023-10-03
0.3,60,0.03,40,4,0.45,0.005,0.015,0.25,0.012,0.5,65,1.9746800523258168,12.939089452105552,3.8,0.0,14.076054180132207,-1.1369647280266555,0.0,1.8,5,48.299499970814765,2.0,3,"{""age"": 3, ""profit_protect"": 2}",0,0.0,80.0,0.9707712100153716,-25.031215999999993,3.584590667130505,2,1.630803584292686,5,80.0,-1.2506358410669802,3,6,0.482994999708153,19,3,2024-01-02,2023-01-02,2024-04-02,2024-01-02
0.3,60,0.03,40,4,0.45,0.005,0.015,0.25,0.012,0.5,65,0.0,0.0,0.0,0.0,0.0,0.0,0.0,0.0,0,0.0,0.0,0,"{""age"": 1}",0,0.0,0.0,0.0,0.0,0.0,0,-0.75,1,0.0,0.0,1,2,0.0,0,3,2024-04-02,2023-04-03,2024-07-02,2024-04-02
0.3,60,0.03,40,4,0.45,0.005,0.015,0.25,0.012,0.5,65,0.0,0.0,0.0,0.0,0.0,0.0,0.0,0.0,0,0.0,0.0,0,{},0,0.0,0.0,0.0,0.0,0.0,0,-0.75,0,0.0,0.0,0,1,0.0,0,3,2024-07-02,2023-07-03,2024-10-01,2024-07-02
0.3,60,0.03,40,4,0.45,0.005,0.015,0.25,0.012,0.5,65,1.0516919298612093,5.068575999999894,4.0,0.0,0.0,5.068575999999894,0.0,3.0,0,25.812314995136045,1.0,0,"{""age"": 1}",0,0.0,100.0,0.3162652405144633,5.068575999999894,0.0,0,-1.5528941767996294,1,100.0,-3.226285240985452,1,1,0.25812314995135244,4,3,2024-10-01,2023-10-02,2024-12-31,2024-10-01
0.3,60,0.03,40,4,0.45,0.005,0.015,0.25,0.012,0.5,65,1.2102234477505913,31.215466524571973,5.0,0.0,27.689437307180647,3.5260292173913257,0.0,2.0,2,29.68567015651695,3.0,1,"{""profit_protect"": 1}",0,0.0,100.0,0.44185153869559235,31.215466524571973,0.0,1,-1.4532588111873472,1,100.0,-2.828402682930489,0,1,0.296856701565157,5,3,2024-12-31,2024-01-01,2025-04-01,2024-12-31
0.3,60,0.03,40,4,0.45,0.005,0.015,0.25,0.012,0.5,65,-1.0664002827453167,-7.81210899999985,3.5,0.0,0.0,-7.81210899999985,0.0,2.5,0,-26.383051140393558,1.0,0,"{""age"": 2}",0,0.0,0.0,1.914369920675281,-16.493771999999673,0.05272014188143195,0,-0.9863138172741748,2,50.0,-1.043800290672583,2,2,-0.26383051140395763,7,3,2025-04-01,2024-04-01,2025-07-01,2025-04-01
0.3,60,0.03,40,4,0.45,0.005,0.015,0.25,0.012,0.5,65,-0.08209103412893937,0.0,0.0,0.0,0.0,0.0,0.0,0.0,0,0.0,0.0,0,{},0,0.0,0.0,0.031934030000011264,0.0,0.0,0,-18.516162576971258,0,0.0,-71.06236980660245,0,1,-0.020234030000010533,3,3,2025-07-01,2024-07-01,2025-09-30,2025-07-01
0.3,60,0.03,40,4,0.45,0.005,0.015,0.25,0.012,0.5,65,-6.491709502659992,-66.625022,2.0,0.0,0.0,-66.625022,0.0,1.5,0,-164.02814458698901,0.5,0,"{""age"": 2}",0,0.0,0.0,1.640281445869896,-133.250044,0.0,0,-2.3542361903975975,2,0.0,-6.254304942619793,2,2,-1.640281445869896,4,3,2025-09-30,2024-09-30,2025-12-30,2025-09-30
0.3,60,0.03,40,4,0.45,0.005,0.015,0.25,0.012,0.5,65,1.894743135214827,23.17902050256371,2.0,0.0,23.17902050256371,0.0,0.0,1.0,2,46.35804100512742,1.0,1,"{""age"": 2}",0,0.0,100.0,0.09518995000000359,0.0,0.0,0,-1.6463843200405794,2,50.0,-3.621528343866614,2,2,0.4635804100512541,4,3,2025-12-30,2024-12-30,2026-03-31,2025-12-30
0.5,60,0.03,40,4,0.55,0.005,0.015,0.25,0.012,0.5,65,0.0,0.0,0.0,0.0,0.0,0.0,0.0,0.0,0,0.0,0.0,0,{},0,0.0,0.0,0.0,0.0,0.0,0,-0.75,0,0.0,0.0,0,0,0.0,0,4,2022-01-04,2021-01-04,2022-04-05,2022-01-04
0.5,60,0.03,40,4,0.55,0.005,0.015,0.25,0.012,0.5,65,0.0,0.0,0.0,0.0,0.0,0.0,0.0,0.0,0,0.0,0.0,0,{},0,0.0,0.0,0.0,0.0,0.0,0,-0.75,0,0.0,0.0,0,0,0.0,0,4,2022-04-05,2021-04-05,2022-07-05,2022-04-05
0.5,60,0.03,40,4,0.55,0.005,0.015,0.25,0.012,0.5,65,0.0,0.0,0.0,0.0,0.0,0.0,0.0,0.0,0,0.0,0.0,0,{},0,0.0,0.0,0.0,0.0,0.0,0,-0.75,0,0.0,0.0,0,0,0.0,0,4,2022-07-05,2021-07-05,2022-10-04,2022-07-05
0.5,60,0.03,40,4,0.55,0.005,0.015,0.25,0.012,0.5,65,-0.9349580906204746,22.04221250000003,2.5,0.0,0.0,22.04221250000003,0.0,2.0,0,-11.696533431834947,0.5,0,"{""age"": 1, ""profit_protect"": 1}",0,0.0,0.0,1.323795719167525,0.0,0.0,1,-1.2633057721741805,2,50.0,-2.0080480125009617,1,3,-0.23119588431834928,7,4,2022-10-04,2021-10-04,2023-01-03,2022-10-04
0.5,60,0.03,40,4,0.55,0.005,0.015,0.25,0.012,0.5,65,8.025685775876013,64.2871515529532,4.0,0.0,64.16175520001204,0.12539635294116191,0.0,1.6666666666666667,6,192.04379120468764,2.3333333333333335,2,"{""age"": 3}",0,0.0,85.71428571428571,2.1054171142802733,0.0,0.0,0,-0.6889128782962215,3,66.66666666666666,0.12594311358319926,3,3,1.920437912046891,12,4,2023-01-03,2022-01-03,2023-04-04,2023-01-03
0.5,60,0.03,40,4,0.55,0.005,0.015,0.25,0.012,0.5,65,0.0,0.0,0.0,0.0,0.0,0.0,0.0,0.0,0,0.0,0.0,0,{},0,0.0,0.0,0.0,0.0,0.0,0,-0.75,0,0.0,0.0,0,0,0.0,0,4,2023-04-04,2022-04-04,2023-07-04,2023-04-04
0.5,60,0.03,40,4,0.55,0.005,0.015,0.25,0.012,0.5,65,0.0,0.0,0.0,0.0,0.0,0.0,0.0,0.0,0,0.0,0.0,0,"{""age"": 1}",0,0.0,0.0,0.0,0.0,0.0,0,-0.75,1,0.0,0.0,1,1,0.0,0,4,2023-07-04,2022-07-04,2023-10-03,2023-07-04
0.5,60,0.03,40,4,0.55,0.005,0.015,0.25,0.012,0.5,65,-4.093112618389716,-101.3839400000001,4.0,0.0,0.0,-101.3839400000001,0.0,3.0,0,-102.45077064725892,1.0,0,"{""age"": 1}",0,0.0,0.0,1.521839400000008,-101.3839400000001,0.0,0,-2.131308627813641,1,0.0,-5.41293547088677,1,1,-1.0245077064725956,4,4,2023-10-03,2022-10-03,2024-01-02,2023-10-03
0.5,60,0.03,40,4,0.55,0.005,0.015,0.25,0.012,0.5,65,1.9746800523258168,12.939089452105552,3.8,0.0,14.076054180132207,-1.1369647280266555,0.0,1.8,5,48.299499970814765,2.0,3,"{""age"": 3, ""profit_protect"": 2}",0,0.0,80.0,0.9707712100153716,-25.031215999999993,3.584590667130505,2,1.630803584292686,5,80.0,-1.2506358410669802,3,6,0.482994999708153,19,4,2024-01-02,2023-01-02,2024-04-02,2024-01-02
0.5,60,0.03,40,4,0.55,0.005,0.015,0.25,0.012,0.5,65,0.0,0.0,0.0,0.0,0.0,0.0,0.0,0.0,0,0.0,0.0,0,"{""age"": 1}",0,0.0,0.0,0.0,0.0,0.0,0,-0.75,1,0.0,0.0,1,2,0.0,0,4,2024-04-02,2023-04-03,2024-07-02,2024-04-02
0.5,60,0.03,40,4,0.55,0.005,0.015,0.25,0.012,0.5,65,0.0,0.0,0.0,0.0,0.0,0.0,0.0,0.0,0,0.0,0.0,0,{},0,0.0,0.0,0.0,0.0,0.0,0,-0.75,0,0.0,0.0,0,1,0.0,0,4,2024-07-02,2023-07-03,2024-10-01,2024-07-02
0.5,60,0.03,40,4,0.55,0.005,0.015,0.25,0.012,0.5,65,1.0516919298612093,5.068575999999894,4.0,0.0,0.0,5.068575999999894,0.0,3.0,0,25.812314995136045,1.0,0,"{""age"": 1}",0,0.0,100.0,0.3162652405144633,5.068575999999894,0.0,0,-1.5528941767996294,1,100.0,-3.226285240985452,1,1,0.25812314995135244,4,4,2024-10-01,2023-10-02,2024-12-31,2024-10-01
0.5,60,0.03,40,4,0.55,0.005,0.015,0.25,0.012,0.5,65,1.2102234477505913,31.215466524571973,5.0,0.0,27.689437307180647,3.5260292173913257,0.0,2.0,2,29.68567015651695,3.0,1,"{""profit_protect"": 1}",0,0.0,100.0,0.44185153869559235,31.215466524571973,0.0,1,-1.4532588111873472,1,100.0,-2.828402682930489,0,1,0.296856701565157,5,4,2024-12-31,2024-01-01,2025-04-01,2024-12-31
0.5,60,0.03,40,4,0.55,0.005,0.015,0.25,0.012,0.5,65,-1.0664002827453167,-7.81210899999985,3.5,0.0,0.0,-7.81210899999985,0.0,2.5,0,-26.383051140393558,1.0,0,"{""age"": 2}",0,0.0,0.0,1.914369920675281,-16.493771999999673,0.05272014188143195,0,-0.9863138172741748,2,50.0,-1.043800290672583,2,2,-0.26383051140395763,7,4,2025-04-01,2024-04-01,2025-07-01,2025-04-01
0.5,60,0.03,40,4,0.55,0.005,0.015,0.25,0.012,0.5,65,-0.08209103412893937,0.0,0.0,0.0,0.0,0.0,0.0,0.0,0,0.0,0.0,0,{},0,0.0,0.0,0.031934030000011264,0.0,0.0,0,-18.516162576971258,0,0.0,-71.06236980660245,0,1,-0.020234030000010533,3,4,2025-07-01,2024-07-01,2025-09-30,2025-07-01
0.5,60,0.03,40,4,0.55,0.005,0.015,0.25,0.012,0.5,65,-6.491709502659992,-66.625022,2.0,0.0,0.0,-66.625022,0.0,1.5,0,-164.02814458698901,0.5,0,"{""age"": 2}",0,0.0,0.0,1.640281445869896,-133.250044,0.0,0,-2.3542361903975975,2,0.0,-6.254304942619793,2,2,-1.640281445869896,4,4,2025-09-30,2024-09-30,2025-12-30,2025-09-30
0.5,60,0.03,40,4,0.55,0.005,0.015,0.25,0.012,0.5,65,1.894743135214827,23.17902050256371,2.0,0.0,23.17902050256371,0.0,0.0,1.0,2,46.35804100512742,1.0,1,"{""age"": 2}",0,0.0,100.0,0.09518995000000359,0.0,0.0,0,-1.6463843200405794,2,50.0,-3.621528343866614,2,2,0.4635804100512541,4,4,2025-12-30,2024-12-30,2026-03-31,2025-12-30
0.5,60,0.03,40,4,0.45,0.005,0.015,0.35,0.012,0.5,65,0.0,0.0,0.0,0.0,0.0,0.0,0.0,0.0,0,0.0,0.0,0,{},0,0.0,0.0,0.0,0.0,0.0,0,-0.75,0,0.0,0.0,0,0,0.0,0,5,2022-01-04,2021-01-04,2022-04-05,2022-01-04
0.5,60,0.03,40,4,0.45,0.005,0.015,0.35,0.012,0.5,65,0.0,0.0,0.0,0.0,0.0,0.0,0.0,0.0,0,0.0,0.0,0,{},0,0.0,0.0,0.0,0.0,0.0,0,-0.75,0,0.0,0.0,0,0,0.0,0,5,2022-04-05,2021-04-05,2022-07-05,2022-04-05
0.5,60,0.03,40,4,0.45,0.005,0.015,0.35,0.012,0.5,65,0.0,0.0,0.0,0.0,0.0,0.0,0.0,0.0,0,0.0,0.0,0,{},0,0.0,0.0,0.0,0.0,0.0,0,-0.75,0,0.0,0.0,0,0,0.0,0,5,2022-07-05,2021-07-05,2022-10-04,2022-07-05
0.5,60,0.03,40,4,0.45,0.005,0.015,0.35,0.012,0.5,65,-0.9349580906204746,22.04221250000003,2.5,0.0,0.0,22.04221250000003,0.0,2.0,0,-11.696533431834947,0.5,0,"{""age"": 1, ""profit_protect"": 1}",0,0.0,0.0,1.323795719167525,0.0,0.0,1,-1.2633057721741805,2,50.0,-2.0080480125009617,1,3,-0.23119588431834928,7,5,2022-10-04,2021-10-04,2023-01-03,2022-10-04
0.5,60,0.03,40,4,0.45,0.005,0.015,0.35,0.012,0.5,65,8.025685775876013,64.2871515529532,4.0,0.0,64.16175520001204,0.12539635294116191,0.0,1.6666666666666667,6,192.04379120468764,2.3333333333333335,2,"{""age"": 3}",0,0.0,85.71428571428571,2.1054171142802733,0.0,0.0,0,-0.6889128782962215,3,66.66666666666666,0.12594311358319926,3,3,1.920437912046891,12,5,2023-01-03,2022-01-03,2023-04-04,2023-01-03
0.5,60,0.03,40,4,0.45,0.005,0.015,0.35,0.012,0.5,65,0.0,0.0,0.0,0.0,0.0,0.0,0.0,0.0,0,0.0,0.0,0,{},0,0.0,0.0,0.0,0.0,0.0,0,-0.75,0,0.0,0.0,0,0,0.0,0,5,2023-04-04,2022-04-04,2023-07-04,2023-04-04
0.5,60,0.03,40,4,0.45,0.005,0.015,0.35,0.012,0.5,65,0.0,0.0,0.0,0.0,0.0,0.0,0.0,0.0,0,0.0,0.0,0,"{""age"": 1}",0,0.0,0.0,0.0,0.0,0.0,0,-0.75,1,0.0,0.0,1,1,0.0,0,5,2023-07-04,2022-07-04,2023-10-03,2023-07-04
0.5,60,0.03,40,4,0.45,0.005,0.015,0.35,0.012,0.5,65,-4.093112618389716,-101.3839400000001,4.0,0.0,0.0,-101.3839400000001,0.0,3.0,0,-102.45077064725892,1.0,0,"{""age"": 1}",0,0.0,0.0,1.521839400000008,-101.3839400000001,0.0,0,-2.131308627813641,1,0.0,-5.41293547088677,1,1,-1.0245077064725956,4,5,2023-10-03,2022-10-03,2024-01-02,2023-10-03
0.5,60,0.03,40,4,0.45,0.005,0.015,0.35,0.012,0.5,65,1.9746800523258168,12.939089452105552,3.8,0.0,14.076054180132207,-1.1369647280266555,0.0,1.8,5,48.299499970814765,2.0,3,"{""age"": 3, ""profit_protect"": 2}",0,0.0,80.0,0.9707712100153716,-25.031215999999993,3.584590667130505,2,1.630803584292686,5,80.0,-1.2506358410669802,3,6,0.482994999708153,19,5,2024-01-02,2023-01-02,2024-04-02,2024-01-02
0.5,60,0.03,40,4,0.45,0.005,0.015,0.35,0.012,0.5,65,0.0,0.0,0.0,0.0,0.0,0.0,0.0,0.0,0,0.0,0.0,0,"{""age"": 1}",0,0.0,0.0,0.0,0.0,0.0,0,-0.75,1,0.0,0.0,1,2,0.0,0,5,2024-04-02,2023-04-03,2024-07-02,2024-04-02
0.5,60,0.03,40,4,0.45,0.005,0.015,0.35,0.012,0.5,65,0.0,0.0,0.0,0.0,0.0,0.0,0.0,0.0,0,0.0,0.0,0,{},0,0.0,0.0,0.0,0.0,0.0,0,-0.75,0,0.0,0.0,0,1,0.0,0,5,2024-07-02,2023-07-03,2024-10-01,2024-07-02
0.5,60,0.03,40,4,0.45,0.005,0.015,0.35,0.012,0.5,65,1.0516919298612093,5.068575999999894,4.0,0.0,0.0,5.068575999999894,0.0,3.0,0,25.812314995136045,1.0,0,"{""age"": 1}",0,0.0,100.0,0.3162652405144633,5.068575999999894,0.0,0,-1.5528941767996294,1,100.0,-3.226285240985452,1,1,0.25812314995135244,4,5,2024-10-01,2023-10-02,2024-12-31,2024-10-01
0.5,60,0.03,40,4,0.45,0.005,0.015,0.35,0.012,0.5,65,1.2102234477505913,31.215466524571973,5.0,0.0,27.689437307180647,3.5260292173913257,0.0,2.0,2,29.68567015651695,3.0,1,"{""profit_protect"": 1}",0,0.0,100.0,0.44185153869559235,31.215466524571973,0.0,1,-1.4532588111873472,1,100.0,-2.828402682930489,0,1,0.296856701565157,5,5,2024-12-31,2024-01-01,2025-04-01,2024-12-31
0.5,60,0.03,40,4,0.45,0.005,0.015,0.35,0.012,0.5,65,-1.0664002827453167,-7.81210899999985,3.5,0.0,0.0,-7.81210899999985,0.0,2.5,0,-26.383051140393558,1.0,0,"{""age"": 2}",0,0.0,0.0,1.914369920675281,-16.493771999999673,0.05272014188143195,0,-0.9863138172741748,2,50.0,-1.043800290672583,2,2,-0.26383051140395763,7,5,2025-04-01,2024-04-01,2025-07-01,2025-04-01
0.5,60,0.03,40,4,0.45,0.005,0.015,0.35,0.012,0.5,65,-0.08209103412893937,0.0,0.0,0.0,0.0,0.0,0.0,0.0,0,0.0,0.0,0,{},0,0.0,0.0,0.031934030000011264,0.0,0.0,0,-18.516162576971258,0,0.0,-71.06236980660245,0,1,-0.020234030000010533,3,5,2025-07-01,2024-07-01,2025-09-30,2025-07-01
0.5,60,0.03,40,4,0.45,0.005,0.015,0.35,0.012,0.5,65,-6.491709502659992,-66.625022,2.0,0.0,0.0,-66.625022,0.0,1.5,0,-164.02814458698901,0.5,0,"{""age"": 2}",0,0.0,0.0,1.640281445869896,-133.250044,0.0,0,-2.3542361903975975,2,0.0,-6.254304942619793,2,2,-1.640281445869896,4,5,2025-09-30,2024-09-30,2025-12-30,2025-09-30
0.5,60,0.03,40,4,0.45,0.005,0.015,0.35,0.012,0.5,65,1.894743135214827,23.17902050256371,2.0,0.0,23.17902050256371,0.0,0.0,1.0,2,46.35804100512742,1.0,1,"{""age"": 2}",0,0.0,100.0,0.09518995000000359,0.0,0.0,0,-1.6463843200405794,2,50.0,-3.621528343866614,2,2,0.4635804100512541,4,5,2025-12-30,2024-12-30,2026-03-31,2025-12-30
