DEFENSIVE_MIN_REBOUND_ATR_TO_SELL,SESSION_ABSOLUTE_MAX_AGE_BARS,SESSION_HARD_STOP_PCT,SESSION_MAX_AGE_BARS,SESSION_MAX_BUY_LEVELS_NORMAL,SESSION_MAX_POSITION_VALUE_PCT_NORMAL,SESSION_MIN_PROFIT_TO_PROTECT_PCT,SESSION_SOFT_STOP_PCT,SESSION_STRONG_PROFIT_PARTIAL_EXIT_RATIO,SESSION_STRONG_PROFIT_PCT,SESSION_TRAILING_GIVEBACK_RATIO,TREND_RISK_SCORE_DEFENSIVE,annualized_return_pct,average_session_pnl,avg_trades_per_session,defensive_mode_ratio,diag_avg_realized_session,diag_avg_unrealized_session,diag_base_exit_loss,diag_buy_fills_per_session,diag_grid_close_count,diag_grid_pnl_total,diag_sell_fills_per_session,diag_sessions_with_grid_sell,exit_reason_breakdown,forced_exit_count,forced_exit_ratio,grid_close_win_rate,max_drawdown_pct,max_session_loss,profit_factor,profit_protect_exit,score,session_count,session_win_rate,sharpe,timeout_exit,total_grid_sessions,total_return_pct,total_trades
0.3,40,0.03,24,3,0.55,0.005,0.015,0.25,0.012,0.5,70,-4.446386772376998,-54.91482475000006,2.0416666666666665,0.0,0.0,-54.91482475000006,-1535.9011824999616,0.7083333333333334,0,-417.7693391716174,1.3333333333333333,0,"{""profit_protect"": 15, ""hard_stop"": 8, ""age"": 1}",8,33.33333333333333,0.0,32.61367895950859,-405.12648000000013,0.5814038347900777,15,-1.7485377614779225,24,45.83333333333333,-0.8334190460216997,1,25,-20.318545925045385,75
0.5,40,0.03,24,3,0.55,0.005,0.015,0.25,0.012,0.5,70,-4.446386772376998,-54.91482475000006,2.0416666666666665,0.0,0.0,-54.91482475000006,-1535.9011824999616,0.7083333333333334,0,-417.7693391716174,1.3333333333333333,0,"{""profit_protect"": 15, ""hard_stop"": 8, ""age"": 1}",8,33.33333333333333,0.0,32.61367895950859,-405.12648000000013,0.5814038347900777,15,-1.7485377614779225,24,45.83333333333333,-0.8334190460216997,1,25,-20.318545925045385,75
0.3,40,0.03,24,3,0.45,0.005,0.015,0.25,0.012,0.5,70,1.4762666592424534,14.241423498948562,1.8103448275862069,0.0,1.106369247676136,13.135054251272416,-2619.8546424999076,0.46551724137931033,5,-472.34826837806406,1.3448275862068966,4,"{""profit_protect"": 31, ""hard_stop"": 15, ""age"": 11, ""price_deviation"": 1}",15,25.862068965517242,45.0,31.956757912185573,-405.12648000000013,1.120177787268747,31,-0.47576619096872214,58,44.827586206896555,-0.18521453937447818,11,59,7.592797304601154,165
0.5,40,0.03,24,3,0.45,0.005,0.015,0.25,0.012,0.5,70,1.4762666592424534,14.241423498948562,1.8103448275862069,0.0,1.106369247676136,13.135054251272416,-2619.8546424999076,0.46551724137931033,5,-472.34826837806406,1.3448275862068966,4,"{""profit_protect"": 31, ""hard_stop"": 15, ""age"": 11, ""price_deviation"": 1}",15,25.862068965517242,45.0,31.956757912185573,-405.12648000000013,1.120177787268747,31,-0.47576619096872214,58,44.827586206896555,-0.18521453937447818,11,59,7.592797304601154,165
0.5,40,0.03,24,4,0.55,0.005,0.015,0.25,0.012,0.5,70,-4.446386772376998,-54.91482475000006,2.0416666666666665,0.0,0.0,-54.91482475000006,-1535.9011824999616,0.7083333333333334,0,-417.7693391716174,1.3333333333333333,0,"{""profit_protect"": 15, ""hard_stop"": 8, ""age"": 1}",8,33.33333333333333,0.0,32.61367895950859,-405.12648000000013,0.5814038347900777,15,-1.7485377614779225,24,45.83333333333333,-0.8334190460216997,1,25,-20.318545925045385,75
0.3,40,0.03,24,4,0.55,0.005,0.015,0.25,0.012,0.5,70,-4.446386772376998,-54.91482475000006,2.0416666666666665,0.0,0.0,-54.91482475000006,-1535.9011824999616,0.7083333333333334,0,-417.7693391716174,1.3333333333333333,0,"{""profit_protect"": 15, ""hard_stop"": 8, ""age"": 1}",8,33.33333333333333,0.0,32.61367895950859,-405.12648000000013,0.5814038347900777,15,-1.7485377614779225,24,45.83333333333333,-0.8334190460216997,1,25,-20.318545925045385,75
0.3,40,0.03,24,4,0.45,0.005,0.015,0.25,0.012,0.5,70,1.4762666592424534,14.241423498948562,1.8103448275862069,0.0,1.106369247676136,13.135054251272416,-2619.8546424999076,0.46551724137931033,5,-472.34826837806406,1.3448275862068966,4,"{""profit_protect"": 31, ""hard_stop"": 15, ""age"": 11, ""price_deviation"": 1}",15,25.862068965517242,45.0,31.956757912185573,-405.12648000000013,1.120177787268747,31,-0.47576619096872214,58,44.827586206896555,-0.18521453937447818,11,59,7.592797304601154,165
0.5,40,0.03,24,4,0.45,0.005,0.015,0.25,0.012,0.5,70,1.4762666592424534,14.241423498948562,1.8103448275862069,0.0,1.106369247676136,13.135054251272416,-2619.8546424999076,0.46551724137931033,5,-472.34826837806406,1.3448275862068966,4,"{""profit_protect"": 31, ""hard_stop"": 15, ""age"": 11, ""price_deviation"": 1}",15,25.862068965517242,45.0,31.956757912185573,-405.12648000000013,1.120177787268747,31,-0.47576619096872214,58,44.827586206896555,-0.18521453937447818,11,59,7.592797304601154,165
0.3,40,0.03,24,3,0.55,0.005,0.015,0.35,0.012,0.5,70,-4.446386772376998,-54.91482475000006,2.0416666666666665,0.0,0.0,-54.91482475000006,-1535.9011824999616,0.7083333333333334,0,-417.7693391716174,1.3333333333333333,0,"{""profit_protect"": 15, ""hard_stop"": 8, ""age"": 1}",8,33.33333333333333,0.0,32.61367895950859,-405.12648000000013,0.5814038347900777,15,-1.7485377614779225,24,45.83333333333333,-0.8334190460216997,1,25,-20.318545925045385,75
0.5,40,0.03,24,3,0.55,0.005,0.015,0.35,0.012,0.5,70,-4.446386772376998,-54.91482475000006,2.0416666666666665,0.0,0.0,-54.91482475000006,-1535.9011824999616,0.7083333333333334,0,-417.7693391716174,1.3333333333333333,0,"{""profit_protect"": 15, ""hard_stop"": 8, ""age"": 1}",8,33.33333333333333,0.0,32.61367895950859,-405.12648000000013,0.5814038347900777,15,-1.7485377614779225,24,45.83333333333333,-0.8334190460216997,1,25,-20.318545925045385,75
0.5,40,0.03,24,3,0.45,0.005,0.015,0.35,0.012,0.5,70,1.4762666592424534,14.241423498948562,1.8103448275862069,0.0,1.106369247676136,13.135054251272416,-2619.8546424999076,0.46551724137931033,5,-472.34826837806406,1.3448275862068966,4,"{""profit_protect"": 31, ""hard_stop"": 15, ""age"": 11, ""price_deviation"": 1}",15,25.862068965517242,45.0,31.956757912185573,-405.12648000000013,1.120177787268747,31,-0.47576619096872214,58,44.827586206896555,-0.18521453937447818,11,59,7.592797304601154,165
0.3,40,0.03,24,3,0.45,0.005,0.015,0.35,0.012,0.5,70,1.4762666592424534,14.241423498948562,1.8103448275862069,0.0,1.106369247676136,13.135054251272416,-2619.8546424999076,0.46551724137931033,5,-472.34826837806406,1.3448275862068966,4,"{""profit_protect"": 31, ""hard_stop"": 15, ""age"": 11, ""price_deviation"": 1}",15,25.862068965517242,45.0,31.956757912185573,-405.12648000000013,1.120177787268747,31,-0.47576619096872214,58,44.827586206896555,-0.18521453937447818,11,59,7.592797304601154,165
0.5,40,0.03,24,4,0.45,0.005,0.015,0.35,0.012,0.5,70,1.4762666592424534,14.241423498948562,1.8103448275862069,0.0,1.106369247676136,13.135054251272416,-2619.8546424999076,0.46551724137931033,5,-472.34826837806406,1.3448275862068966,4,"{""profit_protect"": 31, ""hard_stop"": 15, ""age"": 11, ""price_deviation"": 1}",15,25.862068965517242,45.0,31.956757912185573,-405.12648000000013,1.120177787268747,31,-0.47576619096872214,58,44.827586206896555,-0.18521453937447818,11,59,7.592797304601154,165
0.3,40,0.03,24,4,0.45,0.005,0.015,0.35,0.012,0.5,70,1.4762666592424534,14.241423498948562,1.8103448275862069,0.0,1.106369247676136,13.135054251272416,-2619.8546424999076,0.46551724137931033,5,-472.34826837806406,1.3448275862068966,4,"{""profit_protect"": 31, ""hard_stop"": 15, ""age"": 11, ""price_deviation"": 1}",15,25.862068965517242,45.0,31.956757912185573,-405.12648000000013,1.120177787268747,31,-0.47576619096872214,58,44.827586206896555,-0.18521453937447818,11,59,7.592797304601154,165
0.3,40,0.03,24,4,0.55,0.005,0.015,0.35,0.012,0.5,70,-4.446386772376998,-54.91482475000006,2.0416666666666665,0.0,0.0,-54.91482475000006,-1535.9011824999616,0.7083333333333334,0,-417.7693391716174,1.3333333333333333,0,"{""profit_protect"": 15, ""hard_stop"": 8, ""age"": 1}",8,33.33333333333333,0.0,32.61367895950859,-405.12648000000013,0.5814038347900777,15,-1.7485377614779225,24,45.83333333333333,-0.8334190460216997,1,25,-20.318545925045385,75
0.5,40,0.03,24,4,0.55,0.005,0.015,0.35,0.012,0.5,70,-4.446386772376998,-54.91482475000006,2.0416666666666665,0.0,0.0,-54.91482475000006,-1535.9011824999616,0.7083333333333334,0,-417.7693391716174,1.3333333333333333,0,"{""profit_protect"": 15, ""hard_stop"": 8, ""age"": 1}",8,33.33333333333333,0.0,32.61367895950859,-405.12648000000013,0.5814038347900777,15,-1.7485377614779225,24,45.83333333333333,-0.8334190460216997,1,25,-20.318545925045385,75
0.3,40,0.03,24,3,0.55,0.005,0.015,0.5,0.012,0.5,70,-4.446386772376998,-54.91482475000006,2.0416666666666665,0.0,0.0,-54.91482475000006,-1535.9011824999616,0.7083333333333334,0,-417.7693391716174,1.3333333333333333,0,"{""profit_protect"": 15, ""hard_stop"": 8, ""age"": 1}",8,33.33333333333333,0.0,32.61367895950859,-405.12648000000013,0.5814038347900777,15,-1.7485377614779225,24,45.83333333333333,-0.8334190460216997,1,25,-20.318545925045385,75
0.5,40,0.03,24,3,0.55,0.005,0.015,0.5,0.012,0.5,70,-4.446386772376998,-54.91482475000006,2.0416666666666665,0.0,0.0,-54.91482475000006,-1535.9011824999616,0.7083333333333334,0,-417.7693391716174,1.3333333333333333,0,"{""profit_protect"": 15, ""hard_stop"": 8, ""age"": 1}",8,33.33333333333333,0.0,32.61367895950859,-405.12648000000013,0.5814038347900777,15,-1.7485377614779225,24,45.83333333333333,-0.8334190460216997,1,25,-20.318545925045385,75
0.3,40,0.03,24,3,0.45,0.005,0.015,0.5,0.012,0.5,70,1.4762666592424534,14.241423498948562,1.8103448275862069,0.0,1.106369247676136,13.135054251272416,-2619.8546424999076,0.46551724137931033,5,-472.34826837806406,1.3448275862068966,4,"{""profit_protect"": 31, ""hard_stop"": 15, ""age"": 11, ""price_deviation"": 1}",15,25.862068965517242,45.0,31.956757912185573,-405.12648000000013,1.120177787268747,31,-0.47576619096872214,58,44.827586206896555,-0.18521453937447818,11,59,7.592797304601154,165
0.5,40,0.03,24,3,0.45,0.005,0.015,0.5,0.012,0.5,70,1.4762666592424534,14.241423498948562,1.8103448275862069,0.0,1.106369247676136,13.135054251272416,-2619.8546424999076,0.46551724137931033,5,-472.34826837806406,1.3448275862068966,4,"{""profit_protect"": 31, ""hard_stop"": 15, ""age"": 11, ""price_deviation"": 1}",15,25.862068965517242,45.0,31.956757912185573,-405.12648000000013,1.120177787268747,31,-0.47576619096872214,58,44.827586206896555,-0.18521453937447818,11,59,7.592797304601154,165
0.5,40,0.03,24,4,0.55,0.005,0.015,0.5,0.012,0.5,70,-4.446386772376998,-54.91482475000006,2.0416666666666665,0.0,0.0,-54.91482475000006,-1535.9011824999616,0.7083333333333334,0,-417.7693391716174,1.3333333333333333,0,"{""profit_protect"": 15, ""hard_stop"": 8, ""age"": 1}",8,33.33333333333333,0.0,32.61367895950859,-405.12648000000013,0.5814038347900777,15,-1.7485377614779225,24,45.83333333333333,-0.8334190460216997,1,25,-20.318545925045385,75
0.3,40,0.03,24,4,0.55,0.005,0.015,0.5,0.012,0.5,70,-4.446386772376998,-54.91482475000006,2.0416666666666665,0.0,0.0,-54.91482475000006,-1535.9011824999616,0.7083333333333334,0,-417.7693391716174,1.3333333333333333,0,"{""profit_protect"": 15, ""hard_stop"": 8, ""age"": 1}",8,33.33333333333333,0.0,32.61367895950859,-405.12648000000013,0.5814038347900777,15,-1.7485377614779225,24,45.83333333333333,-0.8334190460216997,1,25,-20.318545925045385,75
0.3,40,0.03,24,4,0.45,0.005,0.015,0.5,0.012,0.5,70,1.4762666592424534,14.241423498948562,1.8103448275862069,0.0,1.106369247676136,13.135054251272416,-2619.8546424999076,0.46551724137931033,5,-472.34826837806406,1.3448275862068966,4,"{""profit_protect"": 31, ""hard_stop"": 15, ""age"": 11, ""price_deviation"": 1}",15,25.862068965517242,45.0,31.956757912185573,-405.12648000000013,1.120177787268747,31,-0.47576619096872214,58,44.827586206896555,-0.18521453937447818,11,59,7.592797304601154,165
0.5,40,0.03,24,4,0.45,0.005,0.015,0.5,0.012,0.5,70,1.4762666592424534,14.241423498948562,1.8103448275862069,0.0,1.106369247676136,13.135054251272416,-2619.8546424999076,0.46551724137931033,5,-472.34826837806406,1.3448275862068966,4,"{""profit_protect"": 31, ""hard_stop"": 15, ""age"": 11, ""price_deviation"": 1}",15,25.862068965517242,45.0,31.956757912185573,-405.12648000000013,1.120177787268747,31,-0.47576619096872214,58,44.827586206896555,-0.18521453937447818,11,59,7.592797304601154,165
0.3,40,0.03,24,3,0.55,0.005,0.015,0.25,0.018,0.5,70,-4.446386772376998,-54.91482475000006,2.0416666666666665,0.0,0.0,-54.91482475000006,-1535.9011824999616,0.7083333333333334,0,-417.7693391716174,1.3333333333333333,0,"{""profit_protect"": 15, ""hard_stop"": 8, ""age"": 1}",8,33.33333333333333,0.0,32.61367895950859,-405.12648000000013,0.5814038347900777,15,-1.7485377614779225,24,45.83333333333333,-0.8334190460216997,1,25,-20.318545925045385,75
0.5,40,0.03,24,3,0.55,0.005,0.015,0.25,0.018,0.5,70,-4.446386772376998,-54.91482475000006,2.0416666666666665,0.0,0.0,-54.91482475000006,-1535.9011824999616,0.7083333333333334,0,-417.7693391716174,1.3333333333333333,0,"{""profit_protect"": 15, ""hard_stop"": 8, ""age"": 1}",8,33.33333333333333,0.0,32.61367895950859,-405.12648000000013,0.5814038347900777,15,-1.7485377614779225,24,45.83333333333333,-0.8334190460216997,1,25,-20.318545925045385,75
0.5,40,0.03,24,3,0.45,0.005,0.015,0.25,0.018,0.5,70,1.4762666592424534,14.241423498948562,1.8103448275862069,0.0,1.106369247676136,13.135054251272416,-2619.8546424999076,0.46551724137931033,5,-472.34826837806406,1.3448275862068966,4,"{""profit_protect"": 31, ""hard_stop"": 15, ""age"": 11, ""price_deviation"": 1}",15,25.862068965517242,45.0,31.956757912185573,-405.12648000000013,1.120177787268747,31,-0.47576619096872214,58,44.827586206896555,-0.18521453937447818,11,59,7.592797304601154,165
0.3,40,0.03,24,3,0.45,0.005,0.015,0.25,0.018,0.5,70,1.4762666592424534,14.241423498948562,1.8103448275862069,0.0,1.106369247676136,13.135054251272416,-2619.8546424999076,0.46551724137931033,5,-472.34826837806406,1.3448275862068966,4,"{""profit_protect"": 31, ""hard_stop"": 15, ""age"": 11, ""price_deviation"": 1}",15,25.862068965517242,45.0,31.956757912185573,-405.12648000000013,1.120177787268747,31,-0.47576619096872214,58,44.827586206896555,-0.18521453937447818,11,59,7.592797304601154,165
0.3,40,0.03,24,4,0.45,0.005,0.015,0.25,0.018,0.5,70,1.4762666592424534,14.241423498948562,1.8103448275862069,0.0,1.106369247676136,13.135054251272416,-2619.8546424999076,0.46551724137931033,5,-472.34826837806406,1.3448275862068966,4,"{""profit_protect"": 31, ""hard_stop"": 15, ""age"": 11, ""price_deviation"": 1}",15,25.862068965517242,45.0,31.956757912185573,-405.12648000000013,1.120177787268747,31,-0.47576619096872214,58,44.827586206896555,-0.18521453937447818,11,59,7.592797304601154,165
0.5,40,0.03,24,4,0.55,0.005,0.015,0.25,0.018,0.5,70,-4.446386772376998,-54.91482475000006,2.0416666666666665,0.0,0.0,-54.91482475000006,-1535.9011824999616,0.7083333333333334,0,-417.7693391716174,1.3333333333333333,0,"{""profit_protect"": 15, ""hard_stop"": 8, ""age"": 1}",8,33.33333333333333,0.0,32.61367895950859,-405.12648000000013,0.5814038347900777,15,-1.7485377614779225,24,45.83333333333333,-0.8334190460216997,1,25,-20.318545925045385,75
0.3,40,0.03,24,4,0.55,0.005,0.015,0.25,0.018,0.5,70,-4.446386772376998,-54.91482475000006,2.0416666666666665,0.0,0.0,-54.91482475000006,-1535.9011824999616,0.7083333333333334,0,-417.7693391716174,1.3333333333333333,0,"{""profit_protect"": 15, ""hard_stop"": 8, ""age"": 1}",8,33.33333333333333,0.0,32.61367895950859,-405.12648000000013,0.5814038347900777,15,-1.7485377614779225,24,45.83333333333333,-0.8334190460216997,1,25,-20.318545925045385,75
0.5,40,0.03,24,4,0.45,0.005,0.015,0.25,0.018,0.5,70,1.4762666592424534,14.241423498948562,1.8103448275862069,0.0,1.106369247676136,13.135054251272416,-2619.8546424999076,0.46551724137931033,5,-472.34826837806406,1.3448275862068966,4,"{""profit_protect"": 31, ""hard_stop"": 15, ""age"": 11, ""price_deviation"": 1}",15,25.862068965517242,45.0,31.956757912185573,-405.12648000000013,1.120177787268747,31,-0.47576619096872214,58,44.827586206896555,-0.18521453937447818,11,59,7.592797304601154,165
0.3,40,0.03,24,3,0.55,0.005,0.015,0.35,0.018,0.5,70,-4.446386772376998,-54.91482475000006,2.0416666666666665,0.0,0.0,-54.91482475000006,-1535.9011824999616,0.7083333333333334,0,-417.7693391716174,1.3333333333333333,0,"{""profit_protect"": 15, ""hard_stop"": 8, ""age"": 1}",8,33.33333333333333,0.0,32.61367895950859,-405.12648000000013,0.5814038347900777,15,-1.7485377614779225,24,45.83333333333333,-0.8334190460216997,1,25,-20.318545925045385,75
0.5,40,0.03,24,3,0.55,0.005,0.015,0.35,0.018,0.5,70,-4.446386772376998,-54.91482475000006,2.0416666666666665,0.0,0.0,-54.91482475000006,-1535.9011824999616,0.7083333333333334,0,-417.7693391716174,1.3333333333333333,0,"{""profit_protect"": 15, ""hard_stop"": 8, ""age"": 1}",8,33.33333333333333,0.0,32.61367895950859,-405.12648000000013,0.5814038347900777,15,-1.7485377614779225,24,45.83333333333333,-0.8334190460216997,1,25,-20.318545925045385,75
0.3,40,0.03,24,3,0.45,0.005,0.015,0.35,0.018,0.5,70,1.4762666592424534,14.241423498948562,1.8103448275862069,0.0,1.106369247676136,13.135054251272416,-2619.8546424999076,0.46551724137931033,5,-472.34826837806406,1.3448275862068966,4,"{""profit_protect"": 31, ""hard_stop"": 15, ""age"": 11, ""price_deviation"": 1}",15,25.862068965517242,45.0,31.956757912185573,-405.12648000000013,1.120177787268747,31,-0.47576619096872214,58,44.827586206896555,-0.18521453937447818,11,59,7.592797304601154,165
0.5,40,0.03,24,3,0.45,0.005,0.015,0.35,0.018,0.5,70,1.4762666592424534,14.241423498948562,1.8103448275862069,0.0,1.106369247676136,13.135054251272416,-2619.8546424999076,0.46551724137931033,5,-472.34826837806406,1.3448275862068966,4,"{""profit_protect"": 31, ""hard_stop"": 15, ""age"": 11, ""price_deviation"": 1}",15,25.862068965517242,45.0,31.956757912185573,-405.12648000000013,1.120177787268747,31,-0.47576619096872214,58,44.827586206896555,-0.18521453937447818,11,59,7.592797304601154,165
0.3,40,0.03,24,4,0.55,0.005,0.015,0.35,0.018,0.5,70,-4.446386772376998,-54.91482475000006,2.0416666666666665,0.0,0.0,-54.91482475000006,-1535.9011824999616,0.7083333333333334,0,-417.7693391716174,1.3333333333333333,0,"{""profit_protect"": 15, ""hard_stop"": 8, ""age"": 1}",8,33.33333333333333,0.0,32.61367895950859,-405.12648000000013,0.5814038347900777,15,-1.7485377614779225,24,45.83333333333333,-0.8334190460216997,1,25,-20.318545925045385,75
0.5,40,0.03,24,4,0.55,0.005,0.015,0.35,0.018,0.5,70,-4.446386772376998,-54.91482475000006,2.0416666666666665,0.0,0.0,-54.91482475000006,-1535.9011824999616,0.7083333333333334,0,-417.7693391716174,1.3333333333333333,0,"{""profit_protect"": 15, ""hard_stop"": 8, ""age"": 1}",8,33.33333333333333,0.0,32.61367895950859,-405.12648000000013,0.5814038347900777,15,-1.7485377614779225,24,45.83333333333333,-0.8334190460216997,1,25,-20.318545925045385,75
0.3,40,0.03,24,4,0.45,0.005,0.015,0.35,0.018,0.5,70,1.4762666592424534,14.241423498948562,1.8103448275862069,0.0,1.106369247676136,13.135054251272416,-2619.8546424999076,0.46551724137931033,5,-472.34826837806406,1.3448275862068966,4,"{""profit_protect"": 31, ""hard_stop"": 15, ""age"": 11, ""price_deviation"": 1}",15,25.862068965517242,45.0,31.956757912185573,-405.12648000000013,1.120177787268747,31,-0.47576619096872214,58,44.827586206896555,-0.18521453937447818,11,59,7.592797304601154,165
0.5,40,0.03,24,4,0.45,0.005,0.015,0.35,0.018,0.5,70,1.4762666592424534,14.241423498948562,1.8103448275862069,0.0,1.106369247676136,13.135054251272416,-2619.8546424999076,0.46551724137931033,5,-472.34826837806406,1.3448275862068966,4,"{""profit_protect"": 31, ""hard_stop"": 15, ""age"": 11, ""price_deviation"": 1}",15,25.862068965517242,45.0,31.956757912185573,-405.12648000000013,1.120177787268747,31,-0.47576619096872214,58,44.827586206896555,-0.18521453937447818,11,59,7.592797304601154,165
0.3,40,0.03,24,3,0.55,0.005,0.015,0.5,0.018,0.5,70,-4.446386772376998,-54.91482475000006,2.0416666666666665,0.0,0.0,-54.91482475000006,-1535.9011824999616,0.7083333333333334,0,-417.7693391716174,1.3333333333333333,0,"{""profit_protect"": 15, ""hard_stop"": 8, ""age"": 1}",8,33.33333333333333,0.0,32.61367895950859,-405.12648000000013,0.5814038347900777,15,-1.7485377614779225,24,45.83333333333333,-0.8334190460216997,1,25,-20.318545925045385,75
0.5,40,0.03,24,3,0.55,0.005,0.015,0.5,0.018,0.5,70,-4.446386772376998,-54.91482475000006,2.0416666666666665,0.0,0.0,-54.91482475000006,-1535.9011824999616,0.7083333333333334,0,-417.7693391716174,1.3333333333333333,0,"{""profit_protect"": 15, ""hard_stop"": 8, ""age"": 1}",8,33.33333333333333,0.0,32.61367895950859,-405.12648000000013,0.5814038347900777,15,-1.7485377614779225,24,45.83333333333333,-0.8334190460216997,1,25,-20.318545925045385,75
0.3,40,0.03,24,3,0.45,0.005,0.015,0.5,0.018,0.5,70,1.4762666592424534,14.241423498948562,1.8103448275862069,0.0,1.106369247676136,13.135054251272416,-2619.8546424999076,0.46551724137931033,5,-472.34826837806406,1.3448275862068966,4,"{""profit_protect"": 31, ""hard_stop"": 15, ""age"": 11, ""price_deviation"": 1}",15,25.862068965517242,45.0,31.956757912185573,-405.12648000000013,1.120177787268747,31,-0.47576619096872214,58,44.827586206896555,-0.18521453937447818,11,59,7.592797304601154,165
0.5,40,0.03,24,3,0.45,0.005,0.015,0.5,0.018,0.5,70,1.4762666592424534,14.241423498948562,1.8103448275862069,0.0,1.106369247676136,13.135054251272416,-2619.8546424999076,0.46551724137931033,5,-472.34826837806406,1.3448275862068966,4,"{""profit_protect"": 31, ""hard_stop"": 15, ""age"": 11, ""price_deviation"": 1}",15,25.862068965517242,45.0,31.956757912185573,-405.12648000000013,1.120177787268747,31,-0.47576619096872214,58,44.827586206896555,-0.18521453937447818,11,59,7.592797304601154,165
0.3,40,0.03,24,4,0.55,0.005,0.015,0.5,0.018,0.5,70,-4.446386772376998,-54.91482475000006,2.0416666666666665,0.0,0.0,-54.91482475000006,-1535.9011824999616,0.7083333333333334,0,-417.7693391716174,1.3333333333333333,0,"{""profit_protect"": 15, ""hard_stop"": 8, ""age"": 1}",8,33.33333333333333,0.0,32.61367895950859,-405.12648000000013,0.5814038347900777,15,-1.7485377614779225,24,45.83333333333333,-0.8334190460216997,1,25,-20.318545925045385,75
0.5,40,0.03,24,4,0.55,0.005,0.015,0.5,0.018,0.5,70,-4.446386772376998,-54.91482475000006,2.0416666666666665,0.0,0.0,-54.91482475000006,-1535.9011824999616,0.7083333333333334,0,-417.7693391716174,1.3333333333333333,0,"{""profit_protect"": 15, ""hard_stop"": 8, ""age"": 1}",8,33.33333333333333,0.0,32.61367895950859,-405.12648000000013,0.5814038347900777,15,-1.7485377614779225,24,45.83333333333333,-0.8334190460216997,1,25,-20.318545925045385,75
0.3,40,0.03,24,4,0.45,0.005,0.015,0.5,0.018,0.5,70,1.4762666592424534,14.241423498948562,1.8103448275862069,0.0,1.106369247676136,13.135054251272416,-2619.8546424999076,0.46551724137931033,5,-472.34826837806406,1.3448275862068966,4,"{""profit_protect"": 31, ""hard_stop"": 15, ""age"": 11, ""price_deviation"": 1}",15,25.862068965517242,45.0,31.956757912185573,-405.12648000000013,1.120177787268747,31,-0.47576619096872214,58,44.827586206896555,-0.18521453937447818,11,59,7.592797304601154,165
0.5,40,0.03,24,4,0.45,0.005,0.015,0.5,0.018,0.5,70,1.4762666592424534,14.241423498948562,1.8103448275862069,0.0,1.106369247676136,13.135054251272416,-2619.8546424999076,0.46551724137931033,5,-472.34826837806406,1.3448275862068966,4,"{""profit_protect"": 31, ""hard_stop"": 15, ""age"": 11, ""price_deviation"": 1}",15,25.862068965517242,45.0,31.956757912185573,-405.12648000000013,1.120177787268747,31,-0.47576619096872214,58,44.827586206896555,-0.18521453937447818,11,59,7.592797304601154,165
0.3,40,0.03,24,3,0.55,0.005,0.015,0.25,0.025,0.5,70,-4.446386772376998,-54.91482475000006,2.0416666666666665,0.0,0.0,-54.91482475000006,-1535.9011824999616,0.7083333333333334,0,-417.7693391716174,1.3333333333333333,0,"{""profit_protect"": 15, ""hard_stop"": 8, ""age"": 1}",8,33.33333333333333,0.0,32.61367895950859,-405.12648000000013,0.5814038347900777,15,-1.7485377614779225,24,45.83333333333333,-0.8334190460216997,1,25,-20.318545925045385,75
0.5,40,0.03,24,3,0.55,0.005,0.015,0.25,0.025,0.5,70,-4.446386772376998,-54.91482475000006,2.0416666666666665,0.0,0.0,-54.91482475000006,-1535.9011824999616,0.7083333333333334,0,-417.7693391716174,1.3333333333333333,0,"{""profit_protect"": 15, ""hard_stop"": 8, ""age"": 1}",8,33.33333333333333,0.0,32.61367895950859,-405.12648000000013,0.5814038347900777,15,-1.7485377614779225,24,45.83333333333333,-0.8334190460216997,1,25,-20.318545925045385,75
0.3,40,0.03,24,3,0.45,0.005,0.015,0.25,0.025,0.5,70,1.4762666592424534,14.241423498948562,1.8103448275862069,0.0,1.106369247676136,13.135054251272416,-2619.8546424999076,0.46551724137931033,5,-472.34826837806406,1.3448275862068966,4,"{""profit_protect"": 31, ""hard_stop"": 15, ""age"": 11, ""price_deviation"": 1}",15,25.862068965517242,45.0,31.956757912185573,-405.12648000000013,1.120177787268747,31,-0.47576619096872214,58,44.827586206896555,-0.18521453937447818,11,59,7.592797304601154,165
0.5,40,0.03,24,3,0.45,0.005,0.015,0.25,0.025,0.5,70,1.4762666592424534,14.241423498948562,1.8103448275862069,0.0,1.106369247676136,13.135054251272416,-2619.8546424999076,0.46551724137931033,5,-472.34826837806406,1.3448275862068966,4,"{""profit_protect"": 31, ""hard_stop"": 15, ""age"": 11, ""price_deviation"": 1}",15,25.862068965517242,45.0,31.956757912185573,-405.12648000000013,1.120177787268747,31,-0.47576619096872214,58,44.827586206896555,-0.18521453937447818,11,59,7.592797304601154,165
0.3,40,0.03,24,4,0.55,0.005,0.015,0.25,0.025,0.5,70,-4.446386772376998,-54.91482475000006,2.0416666666666665,0.0,0.0,-54.91482475000006,-1535.9011824999616,0.7083333333333334,0,-417.7693391716174,1.3333333333333333,0,"{""profit_protect"": 15, ""hard_stop"": 8, ""age"": 1}",8,33.33333333333333,0.0,32.61367895950859,-405.12648000000013,0.5814038347900777,15,-1.7485377614779225,24,45.83333333333333,-0.8334190460216997,1,25,-20.318545925045385,75
0.5,40,0.03,24,4,0.55,0.005,0.015,0.25,0.025,0.5,70,-4.446386772376998,-54.91482475000006,2.0416666666666665,0.0,0.0,-54.91482475000006,-1535.9011824999616,0.7083333333333334,0,-417.7693391716174,1.3333333333333333,0,"{""profit_protect"": 15, ""hard_stop"": 8, ""age"": 1}",8,33.33333333333333,0.0,32.61367895950859,-405.12648000000013,0.5814038347900777,15,-1.7485377614779225,24,45.83333333333333,-0.8334190460216997,1,25,-20.318545925045385,75
0.3,40,0.03,24,4,0.45,0.005,0.015,0.25,0.025,0.5,70,1.4762666592424534,14.241423498948562,1.8103448275862069,0.0,1.106369247676136,13.135054251272416,-2619.8546424999076,0.46551724137931033,5,-472.34826837806406,1.3448275862068966,4,"{""profit_protect"": 31, ""hard_stop"": 15, ""age"": 11, ""price_deviation"": 1}",15,25.862068965517242,45.0,31.956757912185573,-405.12648000000013,1.120177787268747,31,-0.47576619096872214,58,44.827586206896555,-0.18521453937447818,11,59,7.592797304601154,165
0.5,40,0.03,24,4,0.45,0.005,0.015,0.25,0.025,0.5,70,1.4762666592424534,14.241423498948562,1.8103448275862069,0.0,1.106369247676136,13.135054251272416,-2619.8546424999076,0.46551724137931033,5,-472.34826837806406,1.3448275862068966,4,"{""profit_protect"": 31, ""hard_stop"": 15, ""age"": 11, ""price_deviation"": 1}",15,25.862068965517242,45.0,31.956757912185573,-405.12648000000013,1.120177787268747,31,-0.47576619096872214,58,44.827586206896555,-0.18521453937447818,11,59,7.592797304601154,165
0.3,40,0.03,24,3,0.55,0.005,0.015,0.35,0.025,0.5,70,-4.446386772376998,-54.91482475000006,2.0416666666666665,0.0,0.0,-54.91482475000006,-1535.9011824999616,0.7083333333333334,0,-417.7693391716174,1.3333333333333333,0,"{""profit_protect"": 15, ""hard_stop"": 8, ""age"": 1}",8,33.33333333333333,0.0,32.61367895950859,-405.12648000000013,0.5814038347900777,15,-1.7485377614779225,24,45.83333333333333,-0.8334190460216997,1,25,-20.318545925045385,75
0.5,40,0.03,24,3,0.55,0.005,0.015,0.35,0.025,0.5,70,-4.446386772376998,-54.91482475000006,2.0416666666666665,0.0,0.0,-54.91482475000006,-1535.9011824999616,0.7083333333333334,0,-417.7693391716174,1.3333333333333333,0,"{""profit_protect"": 15, ""hard_stop"": 8, ""age"": 1}",8,33.33333333333333,0.0,32.61367895950859,-405.12648000000013,0.5814038347900777,15,-1.7485377614779225,24,45.83333333333333,-0.8334190460216997,1,25,-20.318545925045385,75
0.3,40,0.03,24,3,0.45,0.005,0.015,0.35,0.025,0.5,70,1.4762666592424534,14.241423498948562,1.8103448275862069,0.0,1.106369247676136,13.135054251272416,-2619.8546424999076,0.46551724137931033,5,-472.34826837806406,1.3448275862068966,4,"{""profit_protect"": 31, ""hard_stop"": 15, ""age"": 11, ""price_deviation"": 1}",15,25.862068965517242,45.0,31.956757912185573,-405.12648000000013,1.120177787268747,31,-0.47576619096872214,58,44.827586206896555,-0.18521453937447818,11,59,7.592797304601154,165
0.5,40,0.03,24,3,0.45,0.005,0.015,0.35,0.025,0.5,70,1.4762666592424534,14.241423498948562,1.8103448275862069,0.0,1.106369247676136,13.135054251272416,-2619.8546424999076,0.46551724137931033,5,-472.34826837806406,1.3448275862068966,4,"{""profit_protect"": 31, ""hard_stop"": 15, ""age"": 11, ""price_deviation"": 1}",15,25.862068965517242,45.0,31.956757912185573,-405.12648000000013,1.120177787268747,31,-0.47576619096872214,58,44.827586206896555,-0.18521453937447818,11,59,7.592797304601154,165
0.3,40,0.03,24,4,0.45,0.005,0.015,0.35,0.025,0.5,70,1.4762666592424534,14.241423498948562,1.8103448275862069,0.0,1.106369247676136,13.135054251272416,-2619.8546424999076,0.46551724137931033,5,-472.34826837806406,1.3448275862068966,4,"{""profit_protect"": 31, ""hard_stop"": 15, ""age"": 11, ""price_deviation"": 1}",15,25.862068965517242,45.0,31.956757912185573,-405.12648000000013,1.120177787268747,31,-0.47576619096872214,58,44.827586206896555,-0.18521453937447818,11,59,7.592797304601154,165
0.3,40,0.03,24,4,0.55,0.005,0.015,0.35,0.025,0.5,70,-4.446386772376998,-54.91482475000006,2.0416666666666665,0.0,0.0,-54.91482475000006,-1535.9011824999616,0.7083333333333334,0,-417.7693391716174,1.3333333333333333,0,"{""profit_protect"": 15, ""hard_stop"": 8, ""age"": 1}",8,33.33333333333333,0.0,32.61367895950859,-405.12648000000013,0.5814038347900777,15,-1.7485377614779225,24,45.83333333333333,-0.8334190460216997,1,25,-20.318545925045385,75
0.5,40,0.03,24,4,0.55,0.005,0.015,0.35,0.025,0.5,70,-4.446386772376998,-54.91482475000006,2.0416666666666665,0.0,0.0,-54.91482475000006,-1535.9011824999616,0.7083333333333334,0,-417.7693391716174,1.3333333333333333,0,"{""profit_protect"": 15, ""hard_stop"": 8, ""age"": 1}",8,33.33333333333333,0.0,32.61367895950859,-405.12648000000013,0.5814038347900777,15,-1.7485377614779225,24,45.83333333333333,-0.8334190460216997,1,25,-20.318545925045385,75
0.5,40,0.03,24,4,0.45,0.005,0.015,0.35,0.025,0.5,70,1.4762666592424534,14.241423498948562,1.8103448275862069,0.0,1.106369247676136,13.135054251272416,-2619.8546424999076,0.46551724137931033,5,-472.34826837806406,1.3448275862068966,4,"{""profit_protect"": 31, ""hard_stop"": 15, ""age"": 11, ""price_deviation"": 1}",15,25.862068965517242,45.0,31.956757912185573,-405.12648000000013,1.120177787268747,31,-0.47576619096872214,58,44.827586206896555,-0.18521453937447818,11,59,7.592797304601154,165
0.3,40,0.03,24,3,0.55,0.005,0.015,0.5,0.025,0.5,70,-4.446386772376998,-54.91482475000006,2.0416666666666665,0.0,0.0,-54.91482475000006,-1535.9011824999616,0.7083333333333334,0,-417.7693391716174,1.3333333333333333,0,"{""profit_protect"": 15, ""hard_stop"": 8, ""age"": 1}",8,33.33333333333333,0.0,32.61367895950859,-405.12648000000013,0.5814038347900777,15,-1.7485377614779225,24,45.83333333333333,-0.8334190460216997,1,25,-20.318545925045385,75
0.5,40,0.03,24,3,0.55,0.005,0.015,0.5,0.025,0.5,70,-4.446386772376998,-54.91482475000006,2.0416666666666665,0.0,0.0,-54.91482475000006,-1535.9011824999616,0.7083333333333334,0,-417.7693391716174,1.3333333333333333,0,"{""profit_protect"": 15, ""hard_stop"": 8, ""age"": 1}",8,33.33333333333333,0.0,32.61367895950859,-405.12648000000013,0.5814038347900777,15,-1.7485377614779225,24,45.83333333333333,-0.8334190460216997,1,25,-20.318545925045385,75
0.3,40,0.03,24,3,0.45,0.005,0.015,0.5,0.025,0.5,70,1.4762666592424534,14.241423498948562,1.8103448275862069,0.0,1.106369247676136,13.135054251272416,-2619.8546424999076,0.46551724137931033,5,-472.34826837806406,1.3448275862068966,4,"{""profit_protect"": 31, ""hard_stop"": 15, ""age"": 11, ""price_deviation"": 1}",15,25.862068965517242,45.0,31.956757912185573,-405.12648000000013,1.120177787268747,31,-0.47576619096872214,58,44.827586206896555,-0.18521453937447818,11,59,7.592797304601154,165
0.5,40,0.03,24,3,0.45,0.005,0.015,0.5,0.025,0.5,70,1.4762666592424534,14.241423498948562,1.8103448275862069,0.0,1.106369247676136,13.135054251272416,-2619.8546424999076,0.46551724137931033,5,-472.34826837806406,1.3448275862068966,4,"{""profit_protect"": 31, ""hard_stop"": 15, ""age"": 11, ""price_deviation"": 1}",15,25.862068965517242,45.0,31.956757912185573,-405.12648000000013,1.120177787268747,31,-0.47576619096872214,58,44.827586206896555,-0.18521453937447818,11,59,7.592797304601154,165
0.5,40,0.03,24,4,0.55,0.005,0.015,0.5,0.025,0.5,70,-4.446386772376998,-54.91482475000006,2.0416666666666665,0.0,0.0,-54.91482475000006,-1535.9011824999616,0.7083333333333334,0,-417.7693391716174,1.3333333333333333,0,"{""profit_protect"": 15, ""hard_stop"": 8, ""age"": 1}",8,33.33333333333333,0.0,32.61367895950859,-405.12648000000013,0.5814038347900777,15,-1.7485377614779225,24,45.83333333333333,-0.8334190460216997,1,25,-20.318545925045385,75
0.3,40,0.03,24,4,0.55,0.005,0.015,0.5,0.025,0.5,70,-4.446386772376998,-54.91482475000006,2.0416666666666665,0.0,0.0,-54.91482475000006,-1535.9011824999616,0.7083333333333334,0,-417.7693391716174,1.3333333333333333,0,"{""profit_protect"": 15, ""hard_stop"": 8, ""age"": 1}",8,33.33333333333333,0.0,32.61367895950859,-405.12648000000013,0.5814038347900777,15,-1.7485377614779225,24,45.83333333333333,-0.8334190460216997,1,25,-20.318545925045385,75
0.3,40,0.03,24,4,0.45,0.005,0.015,0.5,0.025,0.5,70,1.4762666592424534,14.241423498948562,1.8103448275862069,0.0,1.106369247676136,13.135054251272416,-2619.8546424999076,0.46551724137931033,5,-472.34826837806406,1.3448275862068966,4,"{""profit_protect"": 31, ""hard_stop"": 15, ""age"": 11, ""price_deviation"": 1}",15,25.862068965517242,45.0,31.956757912185573,-405.12648000000013,1.120177787268747,31,-0.47576619096872214,58,44.827586206896555,-0.18521453937447818,11,59,7.592797304601154,165
0.5,40,0.03,24,4,0.45,0.005,0.015,0.5,0.025,0.5,70,1.4762666592424534,14.241423498948562,1.8103448275862069,0.0,1.106369247676136,13.135054251272416,-2619.8546424999076,0.46551724137931033,5,-472.34826837806406,1.3448275862068966,4,"{""profit_protect"": 31, ""hard_stop"": 15, ""age"": 11, ""price_deviation"": 1}",15,25.862068965517242,45.0,31.956757912185573,-405.12648000000013,1.120177787268747,31,-0.47576619096872214,58,44.827586206896555,-0.18521453937447818,11,59,7.592797304601154,165
0.3,40,0.03,24,3,0.45,0.01,0.015,0.25,0.012,0.5,70,1.9084481093644579,23.273593078240904,1.894736842105263,0.0,1.6782187302746414,21.595374347966256,-2440.3015524999355,0.47368421052631576,7,-423.07548109236535,1.4210526315789473,6,"{""profit_protect"": 25, ""age"": 13, ""hard_stop"": 18, ""price_deviation"": 1}",18,31.57894736842105,54.166666666666664,32.816600795187014,-405.12648000000013,1.1841390722603837,25,-0.4269492885103609,57,47.368421052631575,-0.1565737927170009,13,58,9.900676130806279,167
0.5,40,0.03,24,3,0.45,0.01,0.015,0.25,0.012,0.5,70,1.9084481093644579,23.273593078240904,1.894736842105263,0.0,1.6782187302746414,21.595374347966256,-2440.3015524999355,0.47368421052631576,7,-423.07548109236535,1.4210526315789473,6,"{""profit_protect"": 25, ""age"": 13, ""hard_stop"": 18, ""price_deviation"": 1}",18,31.57894736842105,54.166666666666664,32.816600795187014,-405.12648000000013,1.1841390722603837,25,-0.4269492885103609,57,47.368421052631575,-0.1565737927170009,13,58,9.900676130806279,167
0.3,40,0.03,24,3,0.55,0.01,0.015,0.25,0.012,0.5,70,2.0544918562817482,23.190105099289255,2.017543859649123,0.0,2.0813041473527547,21.1088009519365,-2687.427927499928,0.5614035087719298,9,-470.71489736261117,1.456140350877193,6,"{""profit_protect"": 25, ""age"": 12, ""hard_stop"": 19, ""price_deviation"": 1}",19,33.33333333333333,57.692307692307686,33.17969807214195,-405.12648000000013,1.1832512573952723,25,-0.4442316404229625,57,47.368421052631575,-0.14904626204787103,12,58,10.689446519236045,174
0.5,40,0.03,24,3,0.55,0.01,0.015,0.25,0.012,0.5,70,2.0544918562817482,23.190105099289255,2.017543859649123,0.0,2.0813041473527547,21.1088009519365,-2687.427927499928,0.5614035087719298,9,-470.71489736261117,1.456140350877193,6,"{""profit_protect"": 25, ""age"": 12, ""hard_stop"": 19, ""price_deviation"": 1}",19,33.33333333333333,57.692307692307686,33.17969807214195,-405.12648000000013,1.1832512573952723,25,-0.4442316404229625,57,47.368421052631575,-0.14904626204787103,12,58,10.689446519236045,174
0.3,40,0.03,24,4,0.45,0.01,0.015,0.25,0.012,0.5,70,1.9084481093644579,23.273593078240904,1.894736842105263,0.0,1.6782187302746414,21.595374347966256,-2440.3015524999355,0.47368421052631576,7,-423.07548109236535,1.4210526315789473,6,"{""profit_protect"": 25, ""age"": 13, ""hard_stop"": 18, ""price_deviation"": 1}",18,31.57894736842105,54.166666666666664,32.816600795187014,-405.12648000000013,1.1841390722603837,25,-0.4269492885103609,57,47.368421052631575,-0.1565737927170009,13,58,9.900676130806279,167
0.5,40,0.03,24,4,0.45,0.01,0.015,0.25,0.012,0.5,70,1.9084481093644579,23.273593078240904,1.894736842105263,0.0,1.6782187302746414,21.595374347966256,-2440.3015524999355,0.47368421052631576,7,-423.07548109236535,1.4210526315789473,6,"{""profit_protect"": 25, ""age"": 13, ""hard_stop"": 18, ""price_deviation"": 1}",18,31.57894736842105,54.166666666666664,32.816600795187014,-405.12648000000013,1.1841390722603837,25,-0.4269492885103609,57,47.368421052631575,-0.1565737927170009,13,58,9.900676130806279,167
0.3,40,0.03,24,4,0.55,0.01,0.015,0.25,0.012,0.5,70,2.0544918562817482,23.190105099289255,2.017543859649123,0.0,2.0813041473527547,21.1088009519365,-2687.427927499928,0.5614035087719298,9,-470.71489736261117,1.456140350877193,6,"{""profit_protect"": 25, ""age"": 12, ""hard_stop"": 19, ""price_deviation"": 1}",19,33.33333333333333,57.692307692307686,33.17969807214195,-405.12648000000013,1.1832512573952723,25,-0.4442316404229625,57,47.368421052631575,-0.14904626204787103,12,58,10.689446519236045,174
0.5,40,0.03,24,4,0.55,0.01,0.015,0.25,0.012,0.5,70,2.0544918562817482,23.190105099289255,2.017543859649123,0.0,2.0813041473527547,21.1088009519365,-2687.427927499928,0.5614035087719298,9,-470.71489736261117,1.456140350877193,6,"{""profit_protect"": 25, ""age"": 12, ""hard_stop"": 19, ""price_deviation"": 1}",19,33.33333333333333,57.692307692307686,33.17969807214195,-405.12648000000013,1.1832512573952723,25,-0.4442316404229625,57,47.368421052631575,-0.14904626204787103,12,58,10.689446519236045,174
0.3,40,0.03,24,3,0.45,0.01,0.015,0.35,0.012,0.5,70,1.9084481093644579,23.273593078240904,1.894736842105263,0.0,1.6782187302746414,21.595374347966256,-2440.3015524999355,0.47368421052631576,7,-423.07548109236535,1.4210526315789473,6,"{""profit_protect"": 25, ""age"": 13, ""hard_stop"": 18, ""price_deviation"": 1}",18,31.57894736842105,54.166666666666664,32.816600795187014,-405.12648000000013,1.1841390722603837,25,-0.4269492885103609,57,47.368421052631575,-0.1565737927170009,13,58,9.900676130806279,167
0.5,40,0.03,24,3,0.45,0.01,0.015,0.35,0.012,0.5,70,1.9084481093644579,23.273593078240904,1.894736842105263,0.0,1.6782187302746414,21.595374347966256,-2440.3015524999355,0.47368421052631576,7,-423.07548109236535,1.4210526315789473,6,"{""profit_protect"": 25, ""age"": 13, ""hard_stop"": 18, ""price_deviation"": 1}",18,31.57894736842105,54.166666666666664,32.816600795187014,-405.12648000000013,1.1841390722603837,25,-0.4269492885103609,57,47.368421052631575,-0.1565737927170009,13,58,9.900676130806279,167
0.3,40,0.03,24,3,0.55,0.01,0.015,0.35,0.012,0.5,70,2.0544918562817482,23.190105099289255,2.017543859649123,0.0,2.0813041473527547,21.1088009519365,-2687.427927499928,0.5614035087719298,9,-470.71489736261117,1.456140350877193,6,"{""profit_protect"": 25, ""age"": 12, ""hard_stop"": 19, ""price_deviation"": 1}",19,33.33333333333333,57.692307692307686,33.17969807214195,-405.12648000000013,1.1832512573952723,25,-0.4442316404229625,57,47.368421052631575,-0.14904626204787103,12,58,10.689446519236045,174
0.5,40,0.03,24,3,0.55,0.01,0.015,0.35,0.012,0.5,70,2.0544918562817482,23.190105099289255,2.017543859649123,0.0,2.0813041473527547,21.1088009519365,-2687.427927499928,0.5614035087719298,9,-470.71489736261117,1.456140350877193,6,"{""profit_protect"": 25, ""age"": 12, ""hard_stop"": 19, ""price_deviation"": 1}",19,33.33333333333333,57.692307692307686,33.17969807214195,-405.12648000000013,1.1832512573952723,25,-0.4442316404229625,57,47.368421052631575,-0.14904626204787103,12,58,10.689446519236045,174
0.3,40,0.03,24,4,0.45,0.01,0.015,0.35,0.012,0.5,70,1.9084481093644579,23.273593078240904,1.894736842105263,0.0,1.6782187302746414,21.595374347966256,-2440.3015524999355,0.47368421052631576,7,-423.07548109236535,1.4210526315789473,6,"{""profit_protect"": 25, ""age"": 13, ""hard_stop"": 18, ""price_deviation"": 1}",18,31.57894736842105,54.166666666666664,32.816600795187014,-405.12648000000013,1.1841390722603837,25,-0.4269492885103609,57,47.368421052631575,-0.1565737927170009,13,58,9.900676130806279,167
0.5,40,0.03,24,4,0.45,0.01,0.015,0.35,0.012,0.5,70,1.9084481093644579,23.273593078240904,1.894736842105263,0.0,1.6782187302746414,21.595374347966256,-2440.3015524999355,0.47368421052631576,7,-423.07548109236535,1.4210526315789473,6,"{""profit_protect"": 25, ""age"": 13, ""hard_stop"": 18, ""price_deviation"": 1}",18,31.57894736842105,54.166666666666664,32.816600795187014,-405.12648000000013,1.1841390722603837,25,-0.4269492885103609,57,47.368421052631575,-0.1565737927170009,13,58,9.900676130806279,167
0.3,40,0.03,24,4,0.55,0.01,0.015,0.35,0.012,0.5,70,2.0544918562817482,23.190105099289255,2.017543859649123,0.0,2.0813041473527547,21.1088009519365,-2687.427927499928,0.5614035087719298,9,-470.71489736261117,1.456140350877193,6,"{""profit_protect"": 25, ""age"": 12, ""hard_stop"": 19, ""price_deviation"": 1}",19,33.33333333333333,57.692307692307686,33.17969807214195,-405.12648000000013,1.1832512573952723,25,-0.4442316404229625,57,47.368421052631575,-0.14904626204787103,12,58,10.689446519236045,174
0.5,40,0.03,24,4,0.55,0.01,0.015,0.35,0.012,0.5,70,2.0544918562817482,23.190105099289255,2.017543859649123,0.0,2.0813041473527547,21.1088009519365,-2687.427927499928,0.5614035087719298,9,-470.71489736261117,1.456140350877193,6,"{""profit_protect"": 25, ""age"": 12, ""hard_stop"": 19, ""price_deviation"": 1}",19,33.33333333333333,57.692307692307686,33.17969807214195,-405.12648000000013,1.1832512573952723,25,-0.4442316404229625,57,47.368421052631575,-0.14904626204787103,12,58,10.689446519236045,174
0.3,40,0.03,24,3,0.45,0.01,0.015,0.5,0.012,0.5,70,1.9084481093644579,23.273593078240904,1.894736842105263,0.0,1.6782187302746414,21.595374347966256,-2440.3015524999355,0.47368421052631576,7,-423.07548109236535,1.4210526315789473,6,"{""profit_protect"": 25, ""age"": 13, ""hard_stop"": 18, ""price_deviation"": 1}",18,31.57894736842105,54.166666666666664,32.816600795187014,-405.12648000000013,1.1841390722603837,25,-0.4269492885103609,57,47.368421052631575,-0.1565737927170009,13,58,9.900676130806279,167
0.5,40,0.03,24,3,0.45,0.01,0.015,0.5,0.012,0.5,70,1.9084481093644579,23.273593078240904,1.894736842105263,0.0,1.6782187302746414,21.595374347966256,-2440.3015524999355,0.47368421052631576,7,-423.07548109236535,1.4210526315789473,6,"{""profit_protect"": 25, ""age"": 13, ""hard_stop"": 18, ""price_deviation"": 1}",18,31.57894736842105,54.166666666666664,32.816600795187014,-405.12648000000013,1.1841390722603837,25,-0.4269492885103609,57,47.368421052631575,-0.1565737927170009,13,58,9.900676130806279,167
0.3,40,0.03,24,3,0.55,0.01,0.015,0.5,0.012,0.5,70,2.0544918562817482,23.190105099289255,2.017543859649123,0.0,2.0813041473527547,21.1088009519365,-2687.427927499928,0.5614035087719298,9,-470.71489736261117,1.456140350877193,6,"{""profit_protect"": 25, ""age"": 12, ""hard_stop"": 19, ""price_deviation"": 1}",19,33.33333333333333,57.692307692307686,33.17969807214195,-405.12648000000013,1.1832512573952723,25,-0.4442316404229625,57,47.368421052631575,-0.14904626204787103,12,58,10.689446519236045,174
0.5,40,0.03,24,3,0.55,0.01,0.015,0.5,0.012,0.5,70,2.0544918562817482,23.190105099289255,2.017543859649123,0.0,2.0813041473527547,21.1088009519365,-2687.427927499928,0.5614035087719298,9,-470.71489736261117,1.456140350877193,6,"{""profit_protect"": 25, ""age"": 12, ""hard_stop"": 19, ""price_deviation"": 1}",19,33.33333333333333,57.692307692307686,33.17969807214195,-405.12648000000013,1.1832512573952723,25,-0.4442316404229625,57,47.368421052631575,-0.14904626204787103,12,58,10.689446519236045,174
0.3,40,0.03,24,4,0.45,0.01,0.015,0.5,0.012,0.5,70,1.9084481093644579,23.273593078240904,1.894736842105263,0.0,1.6782187302746414,21.595374347966256,-2440.3015524999355,0.47368421052631576,7,-423.07548109236535,1.4210526315789473,6,"{""profit_protect"": 25, ""age"": 13, ""hard_stop"": 18, ""price_deviation"": 1}",18,31.57894736842105,54.166666666666664,32.816600795187014,-405.12648000000013,1.1841390722603837,25,-0.4269492885103609,57,47.368421052631575,-0.1565737927170009,13,58,9.900676130806279,167
0.5,40,0.03,24,4,0.45,0.01,0.015,0.5,0.012,0.5,70,1.9084481093644579,23.273593078240904,1.894736842105263,0.0,1.6782187302746414,21.595374347966256,-2440.3015524999355,0.47368421052631576,7,-423.07548109236535,1.4210526315789473,6,"{""profit_protect"": 25, ""age"": 13, ""hard_stop"": 18, ""price_deviation"": 1}",18,31.57894736842105,54.166666666666664,32.816600795187014,-405.12648000000013,1.1841390722603837,25,-0.4269492885103609,57,47.368421052631575,-0.1565737927170009,13,58,9.900676130806279,167
0.3,40,0.03,24,4,0.55,0.01,0.015,0.5,0.012,0.5,70,2.0544918562817482,23.190105099289255,2.017543859649123,0.0,2.0813041473527547,21.1088009519365,-2687.427927499928,0.5614035087719298,9,-470.71489736261117,1.456140350877193,6,"{""profit_protect"": 25, ""age"": 12, ""hard_stop"": 19, ""price_deviation"": 1}",19,33.33333333333333,57.692307692307686,33.17969807214195,-405.12648000000013,1.1832512573952723,25,-0.4442316404229625,57,47.368421052631575,-0.14904626204787103,12,58,10.689446519236045,174
0.5,40,0.03,24,4,0.55,0.01,0.015,0.5,0.012,0.5,70,2.0544918562817482,23.190105099289255,2.017543859649123,0.0,2.0813041473527547,21.1088009519365,-2687.427927499928,0.5614035087719298,9,-470.71489736261117,1.456140350877193,6,"{""profit_protect"": 25, ""age"": 12, ""hard_stop"": 19, ""price_deviation"": 1}",19,33.33333333333333,57.692307692307686,33.17969807214195,-405.12648000000013,1.1832512573952723,25,-0.4442316404229625,57,47.368421052631575,-0.14904626204787103,12,58,10.689446519236045,174
0.3,40,0.03,24,3,0.45,0.01,0.015,0.25,0.018,0.5,70,1.9084481093644579,23.273593078240904,1.894736842105263,0.0,1.6782187302746414,21.595374347966256,-2440.3015524999355,0.47368421052631576,7,-423.07548109236535,1.4210526315789473,6,"{""profit_protect"": 25, ""age"": 13, ""hard_stop"": 18, ""price_deviation"": 1}",18,31.57894736842105,54.166666666666664,32.816600795187014,-405.12648000000013,1.1841390722603837,25,-0.4269492885103609,57,47.368421052631575,-0.1565737927170009,13,58,9.900676130806279,167
0.5,40,0.03,24,3,0.45,0.01,0.015,0.25,0.018,0.5,70,1.9084481093644579,23.273593078240904,1.894736842105263,0.0,1.6782187302746414,21.595374347966256,-2440.3015524999355,0.47368421052631576,7,-423.07548109236535,1.4210526315789473,6,"{""profit_protect"": 25, ""age"": 13, ""hard_stop"": 18, ""price_deviation"": 1}",18,31.57894736842105,54.166666666666664,32.816600795187014,-405.12648000000013,1.1841390722603837,25,-0.4269492885103609,57,47.368421052631575,-0.1565737927170009,13,58,9.900676130806279,167
0.3,40,0.03,24,3,0.55,0.01,0.015,0.25,0.018,0.5,70,2.0544918562817482,23.190105099289255,2.017543859649123,0.0,2.0813041473527547,21.1088009519365,-2687.427927499928,0.5614035087719298,9,-470.71489736261117,1.456140350877193,6,"{""profit_protect"": 25, ""age"": 12, ""hard_stop"": 19, ""price_deviation"": 1}",19,33.33333333333333,57.692307692307686,33.17969807214195,-405.12648000000013,1.1832512573952723,25,-0.4442316404229625,57,47.368421052631575,-0.14904626204787103,12,58,10.689446519236045,174
0.5,40,0.03,24,3,0.55,0.01,0.015,0.25,0.018,0.5,70,2.0544918562817482,23.190105099289255,2.017543859649123,0.0,2.0813041473527547,21.1088009519365,-2687.427927499928,0.5614035087719298,9,-470.71489736261117,1.456140350877193,6,"{""profit_protect"": 25, ""age"": 12, ""hard_stop"": 19, ""price_deviation"": 1}",19,33.33333333333333,57.692307692307686,33.17969807214195,-405.12648000000013,1.1832512573952723,25,-0.4442316404229625,57,47.368421052631575,-0.14904626204787103,12,58,10.689446519236045,174
0.3,40,0.03,24,4,0.45,0.01,0.015,0.25,0.018,0.5,70,1.9084481093644579,23.273593078240904,1.894736842105263,0.0,1.6782187302746414,21.595374347966256,-2440.3015524999355,0.47368421052631576,7,-423.07548109236535,1.4210526315789473,6,"{""profit_protect"": 25, ""age"": 13, ""hard_stop"": 18, ""price_deviation"": 1}",18,31.57894736842105,54.166666666666664,32.816600795187014,-405.12648000000013,1.1841390722603837,25,-0.4269492885103609,57,47.368421052631575,-0.1565737927170009,13,58,9.900676130806279,167
0.5,40,0.03,24,4,0.45,0.01,0.015,0.25,0.018,0.5,70,1.9084481093644579,23.273593078240904,1.894736842105263,0.0,1.6782187302746414,21.595374347966256,-2440.3015524999355,0.47368421052631576,7,-423.07548109236535,1.4210526315789473,6,"{""profit_protect"": 25, ""age"": 13, ""hard_stop"": 18, ""price_deviation"": 1}",18,31.57894736842105,54.166666666666664,32.816600795187014,-405.12648000000013,1.1841390722603837,25,-0.4269492885103609,57,47.368421052631575,-0.1565737927170009,13,58,9.900676130806279,167
0.3,40,0.03,24,4,0.55,0.01,0.015,0.25,0.018,0.5,70,2.0544918562817482,23.190105099289255,2.017543859649123,0.0,2.0813041473527547,21.1088009519365,-2687.427927499928,0.5614035087719298,9,-470.71489736261117,1.456140350877193,6,"{""profit_protect"": 25, ""age"": 12, ""hard_stop"": 19, ""price_deviation"": 1}",19,33.33333333333333,57.692307692307686,33.17969807214195,-405.12648000000013,1.1832512573952723,25,-0.4442316404229625,57,47.368421052631575,-0.14904626204787103,12,58,10.689446519236045,174
0.5,40,0.03,24,4,0.55,0.01,0.015,0.25,0.018,0.5,70,2.0544918562817482,23.190105099289255,2.017543859649123,0.0,2.0813041473527547,21.1088009519365,-2687.427927499928,0.5614035087719298,9,-470.71489736261117,1.456140350877193,6,"{""profit_protect"": 25, ""age"": 12, ""hard_stop"": 19, ""price_deviation"": 1}",19,33.33333333333333,57.692307692307686,33.17969807214195,-405.12648000000013,1.1832512573952723,25,-0.4442316404229625,57,47.368421052631575,-0.14904626204787103,12,58,10.689446519236045,174
0.3,40,0.03,24,3,0.45,0.01,0.015,0.35,0.018,0.5,70,1.9084481093644579,23.273593078240904,1.894736842105263,0.0,1.6782187302746414,21.595374347966256,-2440.3015524999355,0.47368421052631576,7,-423.07548109236535,1.4210526315789473,6,"{""profit_protect"": 25, ""age"": 13, ""hard_stop"": 18, ""price_deviation"": 1}",18,31.57894736842105,54.166666666666664,32.816600795187014,-405.12648000000013,1.1841390722603837,25,-0.4269492885103609,57,47.368421052631575,-0.1565737927170009,13,58,9.900676130806279,167
0.5,40,0.03,24,3,0.45,0.01,0.015,0.35,0.018,0.5,70,1.9084481093644579,23.273593078240904,1.894736842105263,0.0,1.6782187302746414,21.595374347966256,-2440.3015524999355,0.47368421052631576,7,-423.07548109236535,1.4210526315789473,6,"{""profit_protect"": 25, ""age"": 13, ""hard_stop"": 18, ""price_deviation"": 1}",18,31.57894736842105,54.166666666666664,32.816600795187014,-405.12648000000013,1.1841390722603837,25,-0.4269492885103609,57,47.368421052631575,-0.1565737927170009,13,58,9.900676130806279,167
0.3,40,0.03,24,3,0.55,0.01,0.015,0.35,0.018,0.5,70,2.0544918562817482,23.190105099289255,2.017543859649123,0.0,2.0813041473527547,21.1088009519365,-2687.427927499928,0.5614035087719298,9,-470.71489736261117,1.456140350877193,6,"{""profit_protect"": 25, ""age"": 12, ""hard_stop"": 19, ""price_deviation"": 1}",19,33.33333333333333,57.692307692307686,33.17969807214195,-405.12648000000013,1.1832512573952723,25,-0.4442316404229625,57,47.368421052631575,-0.14904626204787103,12,58,10.689446519236045,174
0.5,40,0.03,24,3,0.55,0.01,0.015,0.35,0.018,0.5,70,2.0544918562817482,23.190105099289255,2.017543859649123,0.0,2.0813041473527547,21.1088009519365,-2687.427927499928,0.5614035087719298,9,-470.71489736261117,1.456140350877193,6,"{""profit_protect"": 25, ""age"": 12, ""hard_stop"": 19, ""price_deviation"": 1}",19,33.33333333333333,57.692307692307686,33.17969807214195,-405.12648000000013,1.1832512573952723,25,-0.4442316404229625,57,47.368421052631575,-0.14904626204787103,12,58,10.689446519236045,174
0.3,40,0.03,24,4,0.45,0.01,0.015,0.35,0.018,0.5,70,1.9084481093644579,23.273593078240904,1.894736842105263,0.0,1.6782187302746414,21.595374347966256,-2440.3015524999355,0.47368421052631576,7,-423.07548109236535,1.4210526315789473,6,"{""profit_protect"": 25, ""age"": 13, ""hard_stop"": 18, ""price_deviation"": 1}",18,31.57894736842105,54.166666666666664,32.816600795187014,-405.12648000000013,1.1841390722603837,25,-0.4269492885103609,57,47.368421052631575,-0.1565737927170009,13,58,9.900676130806279,167
0.5,40,0.03,24,4,0.45,0.01,0.015,0.35,0.018,0.5,70,1.9084481093644579,23.273593078240904,1.894736842105263,0.0,1.6782187302746414,21.595374347966256,-2440.3015524999355,0.47368421052631576,7,-423.07548109236535,1.4210526315789473,6,"{""profit_protect"": 25, ""age"": 13, ""hard_stop"": 18, ""price_deviation"": 1}",18,31.57894736842105,54.166666666666664,32.816600795187014,-405.12648000000013,1.1841390722603837,25,-0.4269492885103609,57,47.368421052631575,-0.1565737927170009,13,58,9.900676130806279,167
0.3,40,0.03,24,4,0.55,0.01,0.015,0.35,0.018,0.5,70,2.0544918562817482,23.190105099289255,2.017543859649123,0.0,2.0813041473527547,21.1088009519365,-2687.427927499928,0.5614035087719298,9,-470.71489736261117,1.456140350877193,6,"{""profit_protect"": 25, ""age"": 12, ""hard_stop"": 19, ""price_deviation"": 1}",19,33.33333333333333,57.692307692307686,33.17969807214195,-405.12648000000013,1.1832512573952723,25,-0.4442316404229625,57,47.368421052631575,-0.14904626204787103,12,58,10.689446519236045,174
0.5,40,0.03,24,4,0.55,0.01,0.015,0.35,0.018,0.5,70,2.0544918562817482,23.190105099289255,2.017543859649123,0.0,2.0813041473527547,21.1088009519365,-2687.427927499928,0.5614035087719298,9,-470.71489736261117,1.456140350877193,6,"{""profit_protect"": 25, ""age"": 12, ""hard_stop"": 19, ""price_deviation"": 1}",19,33.33333333333333,57.692307692307686,33.17969807214195,-405.12648000000013,1.1832512573952723,25,-0.4442316404229625,57,47.368421052631575,-0.14904626204787103,12,58,10.689446519236045,174
0.3,40,0.03,24,3,0.45,0.01,0.015,0.5,0.018,0.5,70,1.9084481093644579,23.273593078240904,1.894736842105263,0.0,1.6782187302746414,21.595374347966256,-2440.3015524999355,0.47368421052631576,7,-423.07548109236535,1.4210526315789473,6,"{""profit_protect"": 25, ""age"": 13, ""hard_stop"": 18, ""price_deviation"": 1}",18,31.57894736842105,54.166666666666664,32.816600795187014,-405.12648000000013,1.1841390722603837,25,-0.4269492885103609,57,47.368421052631575,-0.1565737927170009,13,58,9.900676130806279,167
0.5,40,0.03,24,3,0.45,0.01,0.015,0.5,0.018,0.5,70,1.9084481093644579,23.273593078240904,1.894736842105263,0.0,1.6782187302746414,21.595374347966256,-2440.3015524999355,0.47368421052631576,7,-423.07548109236535,1.4210526315789473,6,"{""profit_protect"": 25, ""age"": 13, ""hard_stop"": 18, ""price_deviation"": 1}",18,31.57894736842105,54.166666666666664,32.816600795187014,-405.12648000000013,1.1841390722603837,25,-0.4269492885103609,57,47.368421052631575,-0.1565737927170009,13,58,9.900676130806279,167
0.3,40,0.03,24,3,0.55,0.01,0.015,0.5,0.018,0.5,70,2.0544918562817482,23.190105099289255,2.017543859649123,0.0,2.0813041473527547,21.1088009519365,-2687.427927499928,0.5614035087719298,9,-470.71489736261117,1.456140350877193,6,"{""profit_protect"": 25, ""age"": 12, ""hard_stop"": 19, ""price_deviation"": 1}",19,33.33333333333333,57.692307692307686,33.17969807214195,-405.12648000000013,1.1832512573952723,25,-0.4442316404229625,57,47.368421052631575,-0.14904626204787103,12,58,10.689446519236045,174
0.5,40,0.03,24,3,0.55,0.01,0.015,0.5,0.018,0.5,70,2.0544918562817482,23.190105099289255,2.017543859649123,0.0,2.0813041473527547,21.1088009519365,-2687.427927499928,0.5614035087719298,9,-470.71489736261117,1.456140350877193,6,"{""profit_protect"": 25, ""age"": 12, ""hard_stop"": 19, ""price_deviation"": 1}",19,33.33333333333333,57.692307692307686,33.17969807214195,-405.12648000000013,1.1832512573952723,25,-0.4442316404229625,57,47.368421052631575,-0.14904626204787103,12,58,10.689446519236045,174
0.3,40,0.03,24,4,0.45,0.01,0.015,0.5,0.018,0.5,70,1.9084481093644579,23.273593078240904,1.894736842105263,0.0,1.6782187302746414,21.595374347966256,-2440.3015524999355,0.47368421052631576,7,-423.07548109236535,1.4210526315789473,6,"{""profit_protect"": 25, ""age"": 13, ""hard_stop"": 18, ""price_deviation"": 1}",18,31.57894736842105,54.166666666666664,32.816600795187014,-405.12648000000013,1.1841390722603837,25,-0.4269492885103609,57,47.368421052631575,-0.1565737927170009,13,58,9.900676130806279,167
0.5,40,0.03,24,4,0.45,0.01,0.015,0.5,0.018,0.5,70,1.9084481093644579,23.273593078240904,1.894736842105263,0.0,1.6782187302746414,21.595374347966256,-2440.3015524999355,0.47368421052631576,7,-423.07548109236535,1.4210526315789473,6,"{""profit_protect"": 25, ""age"": 13, ""hard_stop"": 18, ""price_deviation"": 1}",18,31.57894736842105,54.166666666666664,32.816600795187014,-405.12648000000013,1.1841390722603837,25,-0.4269492885103609,57,47.368421052631575,-0.1565737927170009,13,58,9.900676130806279,167
0.3,40,0.03,24,4,0.55,0.01,0.015,0.5,0.018,0.5,70,2.0544918562817482,23.190105099289255,2.017543859649123,0.0,2.0813041473527547,21.1088009519365,-2687.427927499928,0.5614035087719298,9,-470.71489736261117,1.456140350877193,6,"{""profit_protect"": 25, ""age"": 12, ""hard_stop"": 19, ""price_deviation"": 1}",19,33.33333333333333,57.692307692307686,33.17969807214195,-405.12648000000013,1.1832512573952723,25,-0.4442316404229625,57,47.368421052631575,-0.14904626204787103,12,58,10.689446519236045,174
0.5,40,0.03,24,4,0.55,0.01,0.015,0.5,0.018,0.5,70,2.0544918562817482,23.190105099289255,2.017543859649123,0.0,2.0813041473527547,21.1088009519365,-2687.427927499928,0.5614035087719298,9,-470.71489736261117,1.456140350877193,6,"{""profit_protect"": 25, ""age"": 12, ""hard_stop"": 19, ""price_deviation"": 1}",19,33.33333333333333,57.692307692307686,33.17969807214195,-405.12648000000013,1.1832512573952723,25,-0.4442316404229625,57,47.368421052631575,-0.14904626204787103,12,58,10.689446519236045,174
0.3,40,0.03,24,3,0.45,0.01,0.015,0.25,0.025,0.5,70,1.9084481093644579,23.273593078240904,1.894736842105263,0.0,1.6782187302746414,21.595374347966256,-2440.3015524999355,0.47368421052631576,7,-423.07548109236535,1.4210526315789473,6,"{""profit_protect"": 25, ""age"": 13, ""hard_stop"": 18, ""price_deviation"": 1}",18,31.57894736842105,54.166666666666664,32.816600795187014,-405.12648000000013,1.1841390722603837,25,-0.4269492885103609,57,47.368421052631575,-0.1565737927170009,13,58,9.900676130806279,167
0.5,40,0.03,24,3,0.45,0.01,0.015,0.25,0.025,0.5,70,1.9084481093644579,23.273593078240904,1.894736842105263,0.0,1.6782187302746414,21.595374347966256,-2440.3015524999355,0.47368421052631576,7,-423.07548109236535,1.4210526315789473,6,"{""profit_protect"": 25, ""age"": 13, ""hard_stop"": 18, ""price_deviation"": 1}",18,31.57894736842105,54.166666666666664,32.816600795187014,-405.12648000000013,1.1841390722603837,25,-0.4269492885103609,57,47.368421052631575,-0.1565737927170009,13,58,9.900676130806279,167
0.3,40,0.03,24,3,0.55,0.01,0.015,0.25,0.025,0.5,70,2.0544918562817482,23.190105099289255,2.017543859649123,0.0,2.0813041473527547,21.1088009519365,-2687.427927499928,0.5614035087719298,9,-470.71489736261117,1.456140350877193,6,"{""profit_protect"": 25, ""age"": 12, ""hard_stop"": 19, ""price_deviation"": 1}",19,33.33333333333333,57.692307692307686,33.17969807214195,-405.12648000000013,1.1832512573952723,25,-0.4442316404229625,57,47.368421052631575,-0.14904626204787103,12,58,10.689446519236045,174
0.5,40,0.03,24,3,0.55,0.01,0.015,0.25,0.025,0.5,70,2.0544918562817482,23.190105099289255,2.017543859649123,0.0,2.0813041473527547,21.1088009519365,-2687.427927499928,0.5614035087719298,9,-470.71489736261117,1.456140350877193,6,"{""profit_protect"": 25, ""age"": 12, ""hard_stop"": 19, ""price_deviation"": 1}",19,33.33333333333333,57.692307692307686,33.17969807214195,-405.12648000000013,1.1832512573952723,25,-0.4442316404229625,57,47.368421052631575,-0.14904626204787103,12,58,10.689446519236045,174
0.3,40,0.03,24,4,0.45,0.01,0.015,0.25,0.025,0.5,70,1.9084481093644579,23.273593078240904,1.894736842105263,0.0,1.6782187302746414,21.595374347966256,-2440.3015524999355,0.47368421052631576,7,-423.07548109236535,1.4210526315789473,6,"{""profit_protect"": 25, ""age"": 13, ""hard_stop"": 18, ""price_deviation"": 1}",18,31.57894736842105,54.166666666666664,32.816600795187014,-405.12648000000013,1.1841390722603837,25,-0.4269492885103609,57,47.368421052631575,-0.1565737927170009,13,58,9.900676130806279,167
0.5,40,0.03,24,4,0.45,0.01,0.015,0.25,0.025,0.5,70,1.9084481093644579,23.273593078240904,1.894736842105263,0.0,1.6782187302746414,21.595374347966256,-2440.3015524999355,0.47368421052631576,7,-423.07548109236535,1.4210526315789473,6,"{""profit_protect"": 25, ""age"": 13, ""hard_stop"": 18, ""price_deviation"": 1}",18,31.57894736842105,54.166666666666664,32.816600795187014,-405.12648000000013,1.1841390722603837,25,-0.4269492885103609,57,47.368421052631575,-0.1565737927170009,13,58,9.900676130806279,167
0.3,40,0.03,24,4,0.55,0.01,0.015,0.25,0.025,0.5,70,2.0544918562817482,23.190105099289255,2.017543859649123,0.0,2.0813041473527547,21.1088009519365,-2687.427927499928,0.5614035087719298,9,-470.71489736261117,1.456140350877193,6,"{""profit_protect"": 25, ""age"": 12, ""hard_stop"": 19, ""price_deviation"": 1}",19,33.33333333333333,57.692307692307686,33.17969807214195,-405.12648000000013,1.1832512573952723,25,-0.4442316404229625,57,47.368421052631575,-0.14904626204787103,12,58,10.689446519236045,174
0.5,40,0.03,24,4,0.55,0.01,0.015,0.25,0.025,0.5,70,2.0544918562817482,23.190105099289255,2.017543859649123,0.0,2.0813041473527547,21.1088009519365,-2687.427927499928,0.5614035087719298,9,-470.71489736261117,1.456140350877193,6,"{""profit_protect"": 25, ""age"": 12, ""hard_stop"": 19, ""price_deviation"": 1}",19,33.33333333333333,57.692307692307686,33.17969807214195,-405.12648000000013,1.1832512573952723,25,-0.4442316404229625,57,47.368421052631575,-0.14904626204787103,12,58,10.689446519236045,174
0.3,40,0.03,24,3,0.45,0.01,0.015,0.35,0.025,0.5,70,1.9084481093644579,23.273593078240904,1.894736842105263,0.0,1.6782187302746414,21.595374347966256,-2440.3015524999355,0.47368421052631576,7,-423.07548109236535,1.4210526315789473,6,"{""profit_protect"": 25, ""age"": 13, ""hard_stop"": 18, ""price_deviation"": 1}",18,31.57894736842105,54.166666666666664,32.816600795187014,-405.12648000000013,1.1841390722603837,25,-0.4269492885103609,57,47.368421052631575,-0.1565737927170009,13,58,9.900676130806279,167
0.5,40,0.03,24,3,0.45,0.01,0.015,0.35,0.025,0.5,70,1.9084481093644579,23.273593078240904,1.894736842105263,0.0,1.6782187302746414,21.595374347966256,-2440.3015524999355,0.47368421052631576,7,-423.07548109236535,1.4210526315789473,6,"{""profit_protect"": 25, ""age"": 13, ""hard_stop"": 18, ""price_deviation"": 1}",18,31.57894736842105,54.166666666666664,32.816600795187014,-405.12648000000013,1.1841390722603837,25,-0.4269492885103609,57,47.368421052631575,-0.1565737927170009,13,58,9.900676130806279,167
0.3,40,0.03,24,3,0.55,0.01,0.015,0.35,0.025,0.5,70,2.0544918562817482,23.190105099289255,2.017543859649123,0.0,2.0813041473527547,21.1088009519365,-2687.427927499928,0.5614035087719298,9,-470.71489736261117,1.456140350877193,6,"{""profit_protect"": 25, ""age"": 12, ""hard_stop"": 19, ""price_deviation"": 1}",19,33.33333333333333,57.692307692307686,33.17969807214195,-405.12648000000013,1.1832512573952723,25,-0.4442316404229625,57,47.368421052631575,-0.14904626204787103,12,58,10.689446519236045,174
0.5,40,0.03,24,3,0.55,0.01,0.015,0.35,0.025,0.5,70,2.0544918562817482,23.190105099289255,2.017543859649123,0.0,2.0813041473527547,21.1088009519365,-2687.427927499928,0.5614035087719298,9,-470.71489736261117,1.456140350877193,6,"{""profit_protect"": 25, ""age"": 12, ""hard_stop"": 19, ""price_deviation"": 1}",19,33.33333333333333,57.692307692307686,33.17969807214195,-405.12648000000013,1.1832512573952723,25,-0.4442316404229625,57,47.368421052631575,-0.14904626204787103,12,58,10.689446519236045,174
0.3,40,0.03,24,4,0.45,0.01,0.015,0.35,0.025,0.5,70,1.9084481093644579,23.273593078240904,1.894736842105263,0.0,1.6782187302746414,21.595374347966256,-2440.3015524999355,0.47368421052631576,7,-423.07548109236535,1.4210526315789473,6,"{""profit_protect"": 25, ""age"": 13, ""hard_stop"": 18, ""price_deviation"": 1}",18,31.57894736842105,54.166666666666664,32.816600795187014,-405.12648000000013,1.1841390722603837,25,-0.4269492885103609,57,47.368421052631575,-0.1565737927170009,13,58,9.900676130806279,167
0.5,40,0.03,24,4,0.45,0.01,0.015,0.35,0.025,0.5,70,1.9084481093644579,23.273593078240904,1.894736842105263,0.0,1.6782187302746414,21.595374347966256,-2440.3015524999355,0.47368421052631576,7,-423.07548109236535,1.4210526315789473,6,"{""profit_protect"": 25, ""age"": 13, ""hard_stop"": 18, ""price_deviation"": 1}",18,31.57894736842105,54.166666666666664,32.816600795187014,-405.12648000000013,1.1841390722603837,25,-0.4269492885103609,57,47.368421052631575,-0.1565737927170009,13,58,9.900676130806279,167
0.3,40,0.03,24,4,0.55,0.01,0.015,0.35,0.025,0.5,70,2.0544918562817482,23.190105099289255,2.017543859649123,0.0,2.0813041473527547,21.1088009519365,-2687.427927499928,0.5614035087719298,9,-470.71489736261117,1.456140350877193,6,"{""profit_protect"": 25, ""age"": 12, ""hard_stop"": 19, ""price_deviation"": 1}",19,33.33333333333333,57.692307692307686,33.17969807214195,-405.12648000000013,1.1832512573952723,25,-0.4442316404229625,57,47.368421052631575,-0.14904626204787103,12,58,10.689446519236045,174
0.5,40,0.03,24,4,0.55,0.01,0.015,0.35,0.025,0.5,70,2.0544918562817482,23.190105099289255,2.017543859649123,0.0,2.0813041473527547,21.1088009519365,-2687.427927499928,0.5614035087719298,9,-470.71489736261117,1.456140350877193,6,"{""profit_protect"": 25, ""age"": 12, ""hard_stop"": 19, ""price_deviation"": 1}",19,33.33333333333333,57.692307692307686,33.17969807214195,-405.12648000000013,1.1832512573952723,25,-0.4442316404229625,57,47.368421052631575,-0.14904626204787103,12,58,10.689446519236045,174
0.3,40,0.03,24,3,0.45,0.01,0.015,0.5,0.025,0.5,70,1.9084481093644579,23.273593078240904,1.894736842105263,0.0,1.6782187302746414,21.595374347966256,-2440.3015524999355,0.47368421052631576,7,-423.07548109236535,1.4210526315789473,6,"{""profit_protect"": 25, ""age"": 13, ""hard_stop"": 18, ""price_deviation"": 1}",18,31.57894736842105,54.166666666666664,32.816600795187014,-405.12648000000013,1.1841390722603837,25,-0.4269492885103609,57,47.368421052631575,-0.1565737927170009,13,58,9.900676130806279,167
0.5,40,0.03,24,3,0.45,0.01,0.015,0.5,0.025,0.5,70,1.9084481093644579,23.273593078240904,1.894736842105263,0.0,1.6782187302746414,21.595374347966256,-2440.3015524999355,0.47368421052631576,7,-423.07548109236535,1.4210526315789473,6,"{""profit_protect"": 25, ""age"": 13, ""hard_stop"": 18, ""price_deviation"": 1}",18,31.57894736842105,54.166666666666664,32.816600795187014,-405.12648000000013,1.1841390722603837,25,-0.4269492885103609,57,47.368421052631575,-0.1565737927170009,13,58,9.900676130806279,167
0.3,40,0.03,24,3,0.55,0.01,0.015,0.5,0.025,0.5,70,2.0544918562817482,23.190105099289255,2.017543859649123,0.0,2.0813041473527547,21.1088009519365,-2687.427927499928,0.5614035087719298,9,-470.71489736261117,1.456140350877193,6,"{""profit_protect"": 25, ""age"": 12, ""hard_stop"": 19, ""price_deviation"": 1}",19,33.33333333333333,57.692307692307686,33.17969807214195,-405.12648000000013,1.1832512573952723,25,-0.4442316404229625,57,47.368421052631575,-0.14904626204787103,12,58,10.689446519236045,174
0.5,40,0.03,24,3,0.55,0.01,0.015,0.5,0.025,0.5,70,2.0544918562817482,23.190105099289255,2.017543859649123,0.0,2.0813041473527547,21.1088009519365,-2687.427927499928,0.5614035087719298,9,-470.71489736261117,1.456140350877193,6,"{""profit_protect"": 25, ""age"": 12, ""hard_stop"": 19, ""price_deviation"": 1}",19,33.33333333333333,57.692307692307686,33.17969807214195,-405.12648000000013,1.1832512573952723,25,-0.4442316404229625,57,47.368421052631575,-0.14904626204787103,12,58,10.689446519236045,174
0.3,40,0.03,24,4,0.45,0.01,0.015,0.5,0.025,0.5,70,1.9084481093644579,23.273593078240904,1.894736842105263,0.0,1.6782187302746414,21.595374347966256,-2440.3015524999355,0.47368421052631576,7,-423.07548109236535,1.4210526315789473,6,"{""profit_protect"": 25, ""age"": 13, ""hard_stop"": 18, ""price_deviation"": 1}",18,31.57894736842105,54.166666666666664,32.816600795187014,-405.12648000000013,1.1841390722603837,25,-0.4269492885103609,57,47.368421052631575,-0.1565737927170009,13,58,9.900676130806279,167
0.5,40,0.03,24,4,0.45,0.01,0.015,0.5,0.025,0.5,70,1.9084481093644579,23.273593078240904,1.894736842105263,0.0,1.6782187302746414,21.595374347966256,-2440.3015524999355,0.47368421052631576,7,-423.07548109236535,1.4210526315789473,6,"{""profit_protect"": 25, ""age"": 13, ""hard_stop"": 18, ""price_deviation"": 1}",18,31.57894736842105,54.166666666666664,32.816600795187014,-405.12648000000013,1.1841390722603837,25,-0.4269492885103609,57,47.368421052631575,-0.1565737927170009,13,58,9.900676130806279,167
0.3,40,0.03,24,4,0.55,0.01,0.015,0.5,0.025,0.5,70,2.0544918562817482,23.190105099289255,2.017543859649123,0.0,2.0813041473527547,21.1088009519365,-2687.427927499928,0.5614035087719298,9,-470.71489736261117,1.456140350877193,6,"{""profit_protect"": 25, ""age"": 12, ""hard_stop"": 19, ""price_deviation"": 1}",19,33.33333333333333,57.692307692307686,33.17969807214195,-405.12648000000013,1.1832512573952723,25,-0.4442316404229625,57,47.368421052631575,-0.14904626204787103,12,58,10.689446519236045,174
0.5,40,0.03,24,4,0.55,0.01,0.015,0.5,0.025,0.5,70,2.0544918562817482,23.190105099289255,2.017543859649123,0.0,2.0813041473527547,21.1088009519365,-2687.427927499928,0.5614035087719298,9,-470.71489736261117,1.456140350877193,6,"{""profit_protect"": 25, ""age"": 12, ""hard_stop"": 19, ""price_deviation"": 1}",19,33.33333333333333,57.692307692307686,33.17969807214195,-405.12648000000013,1.1832512573952723,25,-0.4442316404229625,57,47.368421052631575,-0.14904626204787103,12,58,10.689446519236045,174
