c,h,l,n,o,t,v,vw
39.86,41.39,38.715,2077,39.32,2021-05-17T04:00:00Z,226434,40.23673
40.55,40.57,38.42,1789,39.28,2021-05-18T04:00:00Z,181162,39.257059
42.3,46.27,42.08,3066,43.23,2021-05-19T04:00:00Z,247290,43.972298
40.135,41.63,39.6,962,41.05,2021-05-20T04:00:00Z,119219,40.552846
39.55,39.99,38.86,1552,39.315,2021-05-21T04:00:00Z,166149,39.39489
37.695,38.69,37.31,2042,38.655,2021-05-24T04:00:00Z,167688,37.731585
37.76,38.35,37.375,1424,37.55,2021-05-25T04:00:00Z,186169,37.748205
35.79,37.23,35.75,1574,37.06,2021-05-26T04:00:00Z,141442,36.384831
33.99,35.5,33.945,1746,35.43,2021-05-27T04:00:00Z,162373,34.418038
34.7,34.74,33.67,1545,33.76,2021-05-28T04:00:00Z,141247,34.092721
35.53,35.54,33.77,1480,33.8,2021-06-01T04:00:00Z,174597,34.754181
34.66,35.43,34.115,2181,35.16,2021-06-02T04:00:00Z,256325,34.780316
35.3,36.16,34.755,1491,35.52,2021-06-03T04:00:00Z,196980,35.334823
33.475,34.11,33.26,2088,34.11,2021-06-04T04:00:00Z,236303,33.5404
32.76,33.69,32.72,1514,33.43,2021-06-07T04:00:00Z,173963,33.175633
33.115,33.84,32.52,1755,32.52,2021-06-08T04:00:00Z,214597,33.054401
33.71,33.905,32.77,1629,32.77,2021-06-09T04:00:00Z,211066,33.40591
31.72,32.975,31.65,3357,32.66,2021-06-10T04:00:00Z,422936,32.181474
30.815,31.155,30.585,2781,31.06,2021-06-11T04:00:00Z,361931,30.838178
31.11,31.675,30.64,2747,30.77,2021-06-14T04:00:00Z,356331,31.266235
31.82,32.025,31.11,2392,31.29,2021-06-15T04:00:00Z,335772,31.638069
32.05,32.92,30.81,5957,31.39,2021-06-16T04:00:00Z,701851,31.621304
31.92,32.575,30.775,3248,32.16,2021-06-17T04:00:00Z,429161,31.473822
34.86,34.87,32.53,4593,33.33,2021-06-18T04:00:00Z,565264,33.583033
32.57,34.465,32.05,2393,33.45,2021-06-21T04:00:00Z,255206,32.69259
30.89,32.88,30.88,1970,32.69,2021-06-22T04:00:00Z,215860,31.631518
30.26,30.58,29.98,1447,30.41,2021-06-23T04:00:00Z,143697,30.239367
29.76,29.87,29.44,1684,29.505,2021-06-24T04:00:00Z,175802,29.628917
29.19,29.89,29.175,1644,29.58,2021-06-25T04:00:00Z,196528,29.393378
29.13,29.62,28.855,1944,28.94,2021-06-28T04:00:00Z,219180,29.184381
29.735,29.84,28.91,1659,28.97,2021-06-29T04:00:00Z,214271,29.496467
29.4,30.165,29.19,1865,29.92,2021-06-30T04:00:00Z,239671,29.496431
28.93,29.41,28.91,1859,29.08,2021-07-01T04:00:00Z,237142,29.114884
28.915,29.095,28.07,2274,28.24,2021-07-02T04:00:00Z,318559,28.455956
29.59,30.44,28.69,2116,28.69,2021-07-06T04:00:00Z,276024,29.591598
29.67,30.6,29.22,1436,29.22,2021-07-07T04:00:00Z,179791,29.819147
31.53,32.45,31.04,2427,32.23,2021-07-08T04:00:00Z,286668,31.769153
29.48,30.79,29.29,2082,30.5,2021-07-09T04:00:00Z,257790,29.69474
29.27,29.64,29.04,1412,29.47,2021-07-12T04:00:00Z,156796,29.285895
29.645,29.695,28.62,3533,29.29,2021-07-13T04:00:00Z,369288,29.128668
28.92,29.945,28.65,1895,28.84,2021-07-14T04:00:00Z,246681,29.156955
29.3,30.005,29.155,2155,29.51,2021-07-15T04:00:00Z,242173,29.548232
30.57,30.61,28.52,2898,28.64,2021-07-16T04:00:00Z,326712,29.612481
35.175,37.03,32.05,8253,32.37,2021-07-19T04:00:00Z,989605,34.674484
31.965,35.21,31.54,3176,34.605,2021-07-20T04:00:00Z,399261,32.722416
29.92,31.34,29.88,1940,31.21,2021-07-21T04:00:00Z,263750,30.409928
30.49,30.935,29.725,2295,29.99,2021-07-22T04:00:00Z,274288,30.23925
30.31,30.435,29.75,2397,29.81,2021-07-23T04:00:00Z,330319,30.127956
29.88,31.06,29.88,1660,30.74,2021-07-26T04:00:00Z,196778,30.484498
30.85,32.42,30.565,3188,30.565,2021-07-27T04:00:00Z,407009,31.525826
30.005,31.42,29.57,2139,30.47,2021-07-28T04:00:00Z,233152,30.445572
29.47,29.82,29.285,1382,29.76,2021-07-29T04:00:00Z,162303,29.53021
30.27,30.485,29.52,1830,30.425,2021-07-30T04:00:00Z,193111,30.067027
31.4,31.54,29.76,2133,29.96,2021-08-02T04:00:00Z,193204,30.763413
29.835,31.71,29.805,2539,30.855,2021-08-03T04:00:00Z,302430,30.767623
29.755,30.41,29.49,1519,30.37,2021-08-04T04:00:00Z,155391,29.878365
29.015,29.52,29.015,1774,29.51,2021-08-05T04:00:00Z,232058,29.145927
28.28,28.935,28.28,1921,28.82,2021-08-06T04:00:00Z,208305,28.638874
28.065,28.545,27.77,1376,28.25,2021-08-09T04:00:00Z,152397,28.093946
27.5,27.925,27.235,1927,27.69,2021-08-10T04:00:00Z,205011,27.580668
26.77,27.52,26.67,2046,27.28,2021-08-11T04:00:00Z,249866,27.113906
26.225,27.04,25.95,1918,26.91,2021-08-12T04:00:00Z,227477,26.362645
26.27,26.36,25.76,1771,25.89,2021-08-13T04:00:00Z,207191,26.056579
26.39,27.46,26.35,2458,26.94,2021-08-16T04:00:00Z,345029,26.896053
27.19,28.54,26.78,2943,27.195,2021-08-17T04:00:00Z,391796,27.606675
29.055,29.3,27.185,2410,27.56,2021-08-18T04:00:00Z,335555,27.869016
29.95,30.895,28.94,5323,30.44,2021-08-19T04:00:00Z,776133,29.907413
27.75,29.71,27.535,2852,29.54,2021-08-20T04:00:00Z,363727,28.372369
26.84,26.965,26.37,2417,26.925,2021-08-23T04:00:00Z,298335,26.575767
26.75,26.92,26.545,1624,26.7,2021-08-24T04:00:00Z,204380,26.745676
26.1,26.68,26.04,1689,26.62,2021-08-25T04:00:00Z,180573,26.243901
27.24,27.57,26.29,2560,26.5,2021-08-26T04:00:00Z,278344,27.004543
25.84,26.72,25.65,2027,26.64,2021-08-27T04:00:00Z,282204,25.905555
25.59,25.87,25.43,1501,25.54,2021-08-30T04:00:00Z,199586,25.707359
25.495,25.97,25.445,1339,25.77,2021-08-31T04:00:00Z,175930,25.683851
24.865,25.5,24.65,3547,25.28,2021-09-01T04:00:00Z,280389,24.928238
24.78,25.255,24.52,2259,24.54,2021-09-02T04:00:00Z,326623,24.871642
25.04,25.425,24.73,2604,25.17,2021-09-03T04:00:00Z,493769,25.015966
25.53,25.79,25.09,2030,25.14,2021-09-07T04:00:00Z,322790,25.373913
25.52,26.45,25.445,1981,26.05,2021-09-08T04:00:00Z,283370,25.937557
26.11,26.16,24.97,2572,25.66,2021-09-09T04:00:00Z,402296,25.539474
27.17,27.21,24.92,2742,25.155,2021-09-10T04:00:00Z,404576,26.009607
26.08,27.3,25.79,3441,25.8,2021-09-13T04:00:00Z,454341,26.599402
26.39,26.89,25.53,3270,25.55,2021-09-14T04:00:00Z,500673,26.28907
25.45,26.51,25.24,2011,25.885,2021-09-15T04:00:00Z,297977,25.838503
25.16,26.15,24.91,2317,25.73,2021-09-16T04:00:00Z,325197,25.433738
26.77,26.9,25.15,4357,25.31,2021-09-17T04:00:00Z,595873,26.299522
29.71,32.395,28.27,8100,29.0,2021-09-20T04:00:00Z,932245,30.402283
28.61,30.355,28.22,4578,28.87,2021-09-21T04:00:00Z,504400,29.150028
27.04,28.285,26.51,4444,27.88,2021-09-22T04:00:00Z,612817,27.084178
25.37,26.175,25.255,2242,26.175,2021-09-23T04:00:00Z,367691,25.626748
24.55,26.02,24.53,2786,26.0,2021-09-24T04:00:00Z,410515,24.987635
24.795,25.03,24.37,3126,24.73,2021-09-27T04:00:00Z,458452,24.679457
27.37,27.97,25.635,7121,25.94,2021-09-28T04:00:00Z,857945,27.168034
27.88,28.035,26.92,3047,27.3,2021-09-29T04:00:00Z,402247,27.427769
27.76,28.32,26.44,4497,27.05,2021-09-30T04:00:00Z,600124,27.321141
26.96,28.185,26.17,4237,27.24,2021-10-01T04:00:00Z,511314,27.011763
27.645,28.495,26.64,3803,26.83,2021-10-04T04:00:00Z,506221,27.890185
26.6,27.54,26.055,2860,27.37,2021-10-05T04:00:00Z,352982,26.504063
26.21,28.26,26.16,4942,27.24,2021-10-06T04:00:00Z,698564,27.134859
25.26,25.695,25.185,3294,25.69,2021-10-07T04:00:00Z,413195,25.380553
24.8,25.185,24.605,3727,24.95,2021-10-08T04:00:00Z,525420,24.840955
25.135,25.14,24.16,2381,25.03,2021-10-11T04:00:00Z,368872,24.604333
24.615,25.17,24.345,2269,24.69,2021-10-12T04:00:00Z,310628,24.688072
24.14,24.98,24.105,2842,24.47,2021-10-13T04:00:00Z,457900,24.478741
22.795,23.45,22.79,3326,23.36,2021-10-14T04:00:00Z,556843,23.118877
22.84,22.9,22.19,4436,22.64,2021-10-15T04:00:00Z,531509,22.514466
22.34,23.21,22.34,1982,23.2,2021-10-18T04:00:00Z,295605,22.638702
22.15,22.375,22.025,2836,22.21,2021-10-19T04:00:00Z,531717,22.167124
21.9,22.255,21.85,3728,22.2,2021-10-20T04:00:00Z,621983,22.081373
21.22,22.19,21.21,3030,22.1,2021-10-21T04:00:00Z,615881,21.711815
21.69,22.195,21.07,3244,21.32,2021-10-22T04:00:00Z,515530,21.662154
21.05,21.91,21.03,2654,21.51,2021-10-25T04:00:00Z,464232,21.318199
21.49,21.935,20.79,3762,20.81,2021-10-26T04:00:00Z,603241,21.351179
21.93,22.03,20.915,4144,21.39,2021-10-27T04:00:00Z,663772,21.427719
21.22,21.655,21.195,2293,21.455,2021-10-28T04:00:00Z,337524,21.381334
21.46,21.82,21.305,2543,21.82,2021-10-29T04:00:00Z,428835,21.479531
21.11,21.89,21.06,2526,21.22,2021-11-01T04:00:00Z,346825,21.388197
20.53,21.02,20.53,2923,21.02,2021-11-02T04:00:00Z,409292,20.752094
19.82,20.695,19.66,5427,20.56,2021-11-03T04:00:00Z,1249811,20.070643
20.13,20.38,19.475,3327,19.61,2021-11-04T04:00:00Z,598357,20.028301
20.87,20.925,19.825,3574,19.89,2021-11-05T04:00:00Z,700903,20.408736
20.85,21.25,20.45,2805,20.54,2021-11-08T05:00:00Z,435726,20.823945
21.21,21.72,21.0,4644,21.02,2021-11-09T05:00:00Z,749391,21.360713
21.53,22.11,20.84,5549,21.67,2021-11-10T05:00:00Z,1018334,21.391816
21.14,21.34,20.685,2416,21.07,2021-11-11T05:00:00Z,361499,21.030082
20.37,20.95,20.285,3568,20.78,2021-11-12T05:00:00Z,556977,20.51399
20.11,20.8,20.11,2971,20.12,2021-11-15T05:00:00Z,473585,20.368079
20.19,20.29,19.87,2957,20.24,2021-11-16T05:00:00Z,494303,20.033769
20.48,20.55,20.02,3174,20.17,2021-11-17T05:00:00Z,573433,20.296083
20.7,20.975,20.22,3429,20.32,2021-11-18T05:00:00Z,585258,20.547955
20.97,21.195,20.52,4360,20.82,2021-11-19T05:00:00Z,718014,20.869349
21.32,21.41,20.42,7481,20.53,2021-11-22T05:00:00Z,1191898,20.830237
20.79,21.75,20.74,6489,21.32,2021-11-23T05:00:00Z,1109659,21.270207
20.56,21.725,20.425,5590,21.34,2021-11-24T05:00:00Z,890257,21.097265
25.805,26.42,22.63,10881,23.02,2021-11-26T05:00:00Z,1532505,24.186858
22.28,23.35,21.65,5793,23.15,2021-11-29T05:00:00Z,947018,22.55445
25.43,25.505,23.03,6773,23.48,2021-11-30T05:00:00Z,1043276,24.527157
27.33,27.355,22.765,8902,23.64,2021-12-01T05:00:00Z,1245922,24.432102
25.725,26.945,25.185,5755,26.49,2021-12-02T05:00:00Z,833887,26.033137
28.02,30.14,25.305,13024,25.47,2021-12-03T05:00:00Z,1587164,28.198834
25.71,27.92,25.655,5153,26.93,2021-12-06T05:00:00Z,763962,26.507385
22.93,24.22,22.61,3993,24.22,2021-12-07T05:00:00Z,616308,23.239441
21.58,23.01,21.535,2512,22.67,2021-12-08T05:00:00Z,374834,22.156041
22.16,22.62,21.245,5523,21.59,2021-12-09T05:00:00Z,856463,21.8953
20.75,21.825,20.75,4130,21.085,2021-12-10T05:00:00Z,678133,21.115065
21.6,21.84,20.99,3399,20.99,2021-12-13T05:00:00Z,560294,21.423034
22.02,23.005,21.73,5232,22.36,2021-12-14T05:00:00Z,798516,22.363057
20.4,23.0,20.35,7579,22.175,2021-12-15T05:00:00Z,1205907,21.769012
21.32,21.96,19.98,8118,20.06,2021-12-16T05:00:00Z,1461459,20.995957
21.93,22.6,21.145,4857,22.13,2021-12-17T05:00:00Z,921845,21.928765
22.72,24.855,22.605,7606,24.09,2021-12-20T05:00:00Z,1261518,23.824858
21.69,22.555,21.42,4066,21.98,2021-12-21T05:00:00Z,628855,21.844884
20.4,21.58,20.4,2919,21.58,2021-12-22T05:00:00Z,484681,20.882586
20.23,20.28,19.95,4771,20.19,2021-12-23T05:00:00Z,749525,20.096179
19.69,20.28,19.61,2800,19.99,2021-12-27T05:00:00Z,439125,19.848489
19.23,19.775,19.23,2638,19.7,2021-12-28T05:00:00Z,361895,19.490371
18.74,19.38,18.55,2116,19.18,2021-12-29T05:00:00Z,321850,18.919661
18.73,18.865,18.295,2124,18.6,2021-12-30T05:00:00Z,325780,18.530832
18.52,18.85,18.37,2241,18.64,2021-12-31T05:00:00Z,325010,18.5406
17.9,18.625,17.885,2716,18.28,2022-01-03T05:00:00Z,523207,18.171676
17.85,18.41,17.71,3955,17.775,2022-01-04T05:00:00Z,684740,18.034576
19.3,19.3,17.61,5817,18.06,2022-01-05T05:00:00Z,970480,18.500269
19.39,19.68,18.815,4632,19.36,2022-01-06T05:00:00Z,878413,19.269466
18.82,19.85,18.74,3521,19.32,2022-01-07T05:00:00Z,583385,19.195798
18.45,20.6,18.42,8660,19.55,2022-01-10T05:00:00Z,1611199,19.839872
17.79,19.11,17.77,3666,18.67,2022-01-11T05:00:00Z,600873,18.232492
17.7,17.975,17.3,4469,17.55,2022-01-12T05:00:00Z,785520,17.688153
18.76,18.88,17.4,4757,17.575,2022-01-13T05:00:00Z,892809,18.215021
18.4,19.46,18.3,6852,19.37,2022-01-14T05:00:00Z,1333426,18.978433
19.86,20.04,19.22,5761,19.255,2022-01-18T05:00:00Z,1107908,19.638898
20.36,20.53,19.38,6466,19.46,2022-01-19T05:00:00Z,1128395,19.837439
21.22,21.37,19.09,5982,19.875,2022-01-20T05:00:00Z,1162434,20.033549
23.16,23.23,21.16,12499,21.67,2022-01-21T05:00:00Z,1846155,22.198414
23.76,27.81,23.28,17688,25.13,2022-01-24T05:00:00Z,2571908,25.353332
23.83,26.25,23.17,12337,25.35,2022-01-25T05:00:00Z,1552499,24.423912
24.38,24.86,21.76,11713,22.77,2022-01-26T05:00:00Z,1676718,23.178324
24.44,25.13,22.635,10717,23.12,2022-01-27T05:00:00Z,1650976,24.02767
22.97,25.03,22.835,9820,24.1,2022-01-28T05:00:00Z,1544666,24.054527
21.455,23.39,21.41,8656,23.23,2022-01-31T05:00:00Z,1228025,22.041687
19.85,21.6,19.805,6588,20.98,2022-02-01T05:00:00Z,1039815,20.620344
19.435,20.22,19.31,6701,19.72,2022-02-02T05:00:00Z,1022109,19.694151
21.81,21.96,20.11,8310,20.71,2022-02-03T05:00:00Z,1531499,20.947287
21.0,22.16,20.305,7858,21.42,2022-02-04T05:00:00Z,1329677,21.261088
20.455,20.74,19.975,4643,20.455,2022-02-07T05:00:00Z,786851,20.362365
19.48,20.58,19.42,7016,20.15,2022-02-08T05:00:00Z,949489,19.813591
18.75,19.15,18.72,5515,18.95,2022-02-09T05:00:00Z,863216,18.92007
20.56,20.96,18.79,8418,19.68,2022-02-10T05:00:00Z,1591284,19.853873
23.21,23.87,20.3,12400,20.4,2022-02-11T05:00:00Z,2477220,22.319079
23.24,24.78,23.03,8581,23.17,2022-02-14T05:00:00Z,1580172,23.803836
21.42,22.22,21.33,5377,21.665,2022-02-15T05:00:00Z,994841,21.687823
20.515,22.13,20.47,4972,21.695,2022-02-16T05:00:00Z,941332,21.234105
22.99,23.06,21.655,7890,21.71,2022-02-17T05:00:00Z,1393714,22.300502
23.5,24.06,22.81,6574,23.18,2022-02-18T05:00:00Z,1112071,23.45867
23.35,24.62,22.89,6863,23.74,2022-02-22T05:00:00Z,1277662,23.630043
24.66,24.765,22.665,6990,22.71,2022-02-23T05:00:00Z,1311053,23.799354
23.97,27.42,23.77,9419,27.3,2022-02-24T05:00:00Z,1733325,25.543966
22.93,24.19,22.63,5470,23.725,2022-02-25T05:00:00Z,1105286,23.19693
24.04,24.97,23.57,6060,24.68,2022-02-28T05:00:00Z,1039075,24.360052
26.64,26.95,24.32,5588,24.58,2022-03-01T05:00:00Z,1008674,25.783502
24.91,26.48,24.7,5085,26.3,2022-03-02T05:00:00Z,790177,25.402794
25.13,25.74,24.34,5401,24.7,2022-03-03T05:00:00Z,809872,25.060357
26.18,27.305,26.05,6093,26.37,2022-03-04T05:00:00Z,1070622,26.646934
28.45,28.52,26.27,4616,26.39,2022-03-07T05:00:00Z,791215,27.364429
28.125,29.34,26.68,7288,28.32,2022-03-08T05:00:00Z,1314438,28.043851
27.06,27.21,26.28,5730,26.695,2022-03-09T05:00:00Z,1197139,26.626403
25.85,27.53,25.815,7161,27.39,2022-03-10T05:00:00Z,1050175,26.691088
26.405,26.42,24.99,3945,24.99,2022-03-11T05:00:00Z,686059,25.537414
29.16,30.72,25.45,8112,26.27,2022-03-14T04:00:00Z,987319,27.825268
29.415,41.55,29.0,5407,30.93,2022-03-15T04:00:00Z,706923,33.917106
25.95,29.56,25.95,942,29.55,2022-03-16T04:00:00Z,114041,27.487395
26.36,27.47,25.86,475,26.23,2022-03-17T04:00:00Z,47881,26.555866
24.8,27.65,24.685,815,27.37,2022-03-18T04:00:00Z,230490,26.259657
25.79,26.24,23.89,569,24.63,2022-03-21T04:00:00Z,95956,25.124287
25.4,25.57,24.77,408,25.57,2022-03-22T04:00:00Z,67307,25.25009
25.45,25.98,24.51,437,25.88,2022-03-23T04:00:00Z,65996,25.480094
25.18,26.0,24.79,348,25.34,2022-03-24T04:00:00Z,61109,25.150738
25.22,25.765,24.945,316,24.97,2022-03-25T04:00:00Z,38418,25.305137
25.76,30.41,25.405,631,25.89,2022-03-28T04:00:00Z,54615,27.425385
25.0,25.39,24.25,287,25.23,2022-03-29T04:00:00Z,24436,24.822062
25.15,25.8,24.88,275,25.34,2022-03-30T04:00:00Z,24745,25.275751
25.84,25.84,25.26,216,25.48,2022-03-31T04:00:00Z,20247,25.507491
25.02,25.815,25.0,173,25.54,2022-04-01T04:00:00Z,16414,25.412134
24.07,25.24,23.99,279,25.05,2022-04-04T04:00:00Z,25222,24.585656
24.96,25.83,24.2,314,24.55,2022-04-05T04:00:00Z,54601,25.188931
24.36,26.46,24.36,338,26.07,2022-04-06T04:00:00Z,34447,25.652709
24.065,24.91,24.04,156,24.62,2022-04-07T04:00:00Z,23508,24.222839
24.83,24.93,23.715,401,24.26,2022-04-08T04:00:00Z,82819,23.945544
26.05,26.05,24.79,294,25.16,2022-04-11T04:00:00Z,25959,25.188714
25.66,26.35,24.85,369,25.14,2022-04-12T04:00:00Z,28010,25.599744
24.565,25.9,24.565,184,25.73,2022-04-13T04:00:00Z,19130,25.120083
25.0,25.04,24.15,306,24.34,2022-04-14T04:00:00Z,24971,24.788419
25.28,25.57,24.89,251,25.1,2022-04-18T04:00:00Z,22516,25.193782
24.73,25.23,24.465,232,25.18,2022-04-19T04:00:00Z,20118,24.682334
24.425,25.09,24.34,160,24.45,2022-04-20T04:00:00Z,16417,24.562547
24.86,25.22,24.02,287,24.16,2022-04-21T04:00:00Z,20228,24.619329
26.05,26.5,24.86,408,25.0,2022-04-22T04:00:00Z,33815,25.895198
24.93,26.905,24.9,349,26.5,2022-04-25T04:00:00Z,43968,26.223356
26.26,27.15,25.36,474,25.44,2022-04-26T04:00:00Z,39824,26.289227
27.23,27.24,25.6,418,26.07,2022-04-27T04:00:00Z,38525,26.591073
26.17,27.71,25.745,636,25.96,2022-04-28T04:00:00Z,104012,27.193538
27.74,28.1,26.1,236,26.42,2022-04-29T04:00:00Z,24749,27.609384
27.61,29.235,27.53,230,28.31,2022-05-02T04:00:00Z,18592,28.220839
26.87,27.79,26.81,114,27.27,2022-05-03T04:00:00Z,8400,27.099714
25.01,26.83,24.91,180,26.66,2022-05-04T04:00:00Z,17559,26.01918
27.305,27.47,25.28,330,25.52,2022-05-05T04:00:00Z,29616,26.505627
27.17,28.27,26.71,266,27.4,2022-05-06T04:00:00Z,24738,27.464835
27.97,28.67,27.38,122,28.06,2022-05-09T04:00:00Z,12587,28.045706
27.275,28.17,26.58,351,26.58,2022-05-10T04:00:00Z,31819,27.459389
27.22,27.685,26.06,258,27.01,2022-05-11T04:00:00Z,27417,27.062344
27.02,28.18,26.6,559,27.55,2022-05-12T04:00:00Z,52979,27.382105
26.0,26.39,25.87,143,26.34,2022-05-13T04:00:00Z,14273,26.067071
24.45,26.19,24.45,273,26.19,2022-05-16T04:00:00Z,30152,25.047519
24.89,25.515,24.155,432,24.16,2022-05-17T04:00:00Z,56029,24.484904
26.16,26.44,24.55,396,25.25,2022-05-18T04:00:00Z,68667,25.651593
25.38,26.8,25.3,141,26.28,2022-05-19T04:00:00Z,12731,25.900465
24.995,26.39,24.77,241,24.86,2022-05-20T04:00:00Z,35320,25.534634
24.06,25.53,23.37,328,24.94,2022-05-23T04:00:00Z,34440,24.130525
24.225,24.93,24.06,165,24.49,2022-05-24T04:00:00Z,27383,24.481583
23.57,24.42,23.13,110,24.42,2022-05-25T04:00:00Z,11088,23.617126
23.15,23.15,22.92,83,23.01,2022-05-26T04:00:00Z,10320,23.006616
22.46,22.615,22.23,159,22.615,2022-05-27T04:00:00Z,8676,22.446639
22.57,23.02,22.2,123,22.84,2022-05-31T04:00:00Z,9877,22.695588
22.03,23.125,22.03,96,22.14,2022-06-01T04:00:00Z,8062,22.450228
21.8,22.48,21.73,116,22.44,2022-06-02T04:00:00Z,9291,22.000423
21.98,22.61,21.86,88,22.28,2022-06-03T04:00:00Z,9137,22.295004
21.7,22.31,21.52,79,21.56,2022-06-06T04:00:00Z,5440,21.859112
21.64,22.32,21.63,83,22.32,2022-06-07T04:00:00Z,6092,21.863751
21.57,21.96,21.425,215,21.91,2022-06-08T04:00:00Z,18592,21.640857
23.05,23.21,21.6,139,21.74,2022-06-09T04:00:00Z,18458,22.455639
23.15,24.07,23.01,330,23.36,2022-06-10T04:00:00Z,28382,23.485016
25.99,26.275,24.78,212,24.78,2022-06-13T04:00:00Z,19971,25.504161
25.25,26.04,25.02,98,25.6,2022-06-14T04:00:00Z,9816,25.526821
24.02,24.84,23.21,168,24.605,2022-06-15T04:00:00Z,23042,23.885692
25.6,26.075,24.98,168,25.03,2022-06-16T04:00:00Z,15647,25.67157
24.785,25.355,24.515,100,25.18,2022-06-17T04:00:00Z,8227,24.920133
24.45,24.45,23.65,127,23.89,2022-06-21T04:00:00Z,8637,23.970417
23.57,24.445,23.55,68,24.445,2022-06-22T04:00:00Z,5828,23.860125
23.38,23.83,23.15,263,23.47,2022-06-23T04:00:00Z,27176,23.587366
23.09,23.21,22.82,81,23.09,2022-06-24T04:00:00Z,7449,23.047581
22.52,22.92,22.52,90,22.92,2022-06-27T04:00:00Z,7558,22.664924
22.77,23.03,22.25,147,22.28,2022-06-28T04:00:00Z,12526,22.769321
22.64,23.3,22.615,108,23.04,2022-06-29T04:00:00Z,26872,22.726183
23.03,23.55,23.01,52,23.22,2022-06-30T04:00:00Z,10434,23.366597
22.52,23.28,22.42,46,23.16,2022-07-01T04:00:00Z,4935,22.605978
22.65,23.455,22.535,122,23.2,2022-07-05T04:00:00Z,11351,23.015047
22.17,22.81,22.17,137,22.68,2022-07-06T04:00:00Z,12107,22.337083
22.18,22.21,21.8,187,22.16,2022-07-07T04:00:00Z,18648,22.011168
22.0,22.25,21.83,138,22.13,2022-07-08T04:00:00Z,11150,21.951276
22.3,22.425,21.94,114,22.37,2022-07-11T04:00:00Z,10498,22.2582
22.38,22.7,21.97,322,22.07,2022-07-12T04:00:00Z,22528,22.329567
22.31,22.96,22.17,290,22.925,2022-07-13T04:00:00Z,24941,22.413102
22.31,23.025,22.31,110,22.83,2022-07-14T04:00:00Z,10102,22.7575
21.515,22.115,21.4,368,22.09,2022-07-15T04:00:00Z,42079,21.582165
21.91,22.03,21.12,377,21.34,2022-07-18T04:00:00Z,31389,21.713841
21.81,21.83,21.36,303,21.36,2022-07-19T04:00:00Z,21660,21.542133
21.415,21.74,21.38,227,21.55,2022-07-20T04:00:00Z,21875,21.541028
21.2,21.73,21.15,448,21.48,2022-07-21T04:00:00Z,24476,21.32116
21.38,21.87,21.07,318,21.095,2022-07-22T04:00:00Z,28604,21.456131
21.165,21.165,20.115,652,20.19,2022-07-25T04:00:00Z,40500,20.777459
21.58,21.84,21.22,157,21.435,2022-07-26T04:00:00Z,14533,21.480328
21.28,21.44,21.0,224,21.22,2022-07-27T04:00:00Z,14648,21.282753
20.89,21.525,20.745,143,21.18,2022-07-28T04:00:00Z,15369,21.014405
21.02,21.18,20.86,83,20.86,2022-07-29T04:00:00Z,7560,21.032836
21.74,21.795,21.06,142,21.49,2022-08-01T04:00:00Z,14525,21.429604
21.65,22.0,21.295,122,21.89,2022-08-02T04:00:00Z,9779,21.627591
21.99,22.03,21.13,117,21.255,2022-08-03T04:00:00Z,9677,21.491771
21.455,22.12,21.415,125,22.085,2022-08-04T04:00:00Z,11837,21.790367
21.49,21.92,21.34,87,21.74,2022-08-05T04:00:00Z,8110,21.557735
22.11,22.37,21.37,131,21.39,2022-08-08T04:00:00Z,20717,21.917493
21.995,22.26,21.875,34,22.26,2022-08-09T04:00:00Z,2683,22.006087
21.455,21.965,21.455,106,21.58,2022-08-10T04:00:00Z,11029,21.62432
21.66,21.835,21.2,64,21.395,2022-08-11T04:00:00Z,6687,21.635403
22.025,22.03,21.755,87,21.765,2022-08-12T04:00:00Z,11753,21.867727
21.46,21.86,21.15,75,21.86,2022-08-15T04:00:00Z,6285,21.391728
21.345,21.38,21.15,31,21.27,2022-08-16T04:00:00Z,2591,21.246304
21.14,21.54,21.05,71,21.54,2022-08-17T04:00:00Z,8172,21.326156
21.115,21.24,21.1,55,21.2,2022-08-18T04:00:00Z,6753,21.160833
21.25,21.445,21.17,209,21.41,2022-08-19T04:00:00Z,51093,21.336554
21.12,21.47,21.04,193,21.31,2022-08-22T04:00:00Z,27698,21.172297
20.12,21.04,20.075,125,21.04,2022-08-23T04:00:00Z,13018,20.372123
19.75,20.145,19.6,103,20.145,2022-08-24T04:00:00Z,10424,19.738519
19.64,19.65,19.215,73,19.605,2022-08-25T04:00:00Z,8072,19.453489
20.18,20.84,19.56,305,19.68,2022-08-26T04:00:00Z,31658,20.342234
19.775,20.26,19.49,427,20.08,2022-08-29T04:00:00Z,61330,19.791053
19.48,19.98,19.42,63,19.875,2022-08-30T04:00:00Z,7601,19.601057
19.17,19.37,19.08,73,19.37,2022-08-31T04:00:00Z,7896,19.148731
19.42,19.81,19.26,130,19.33,2022-09-01T04:00:00Z,31440,19.636969
19.09,19.365,18.76,84,19.025,2022-09-02T04:00:00Z,9229,19.141412
19.225,19.53,18.85,47,18.85,2022-09-06T04:00:00Z,6652,19.24127
18.39,19.2,18.39,39,19.2,2022-09-07T04:00:00Z,3570,18.905455
18.3,18.61,18.12,78,18.61,2022-09-08T04:00:00Z,7330,18.428382
18.4,18.465,18.075,70,18.2,2022-09-09T04:00:00Z,5620,18.355
18.14,18.32,18.045,96,18.305,2022-09-12T04:00:00Z,8080,18.162933
19.05,19.355,18.505,204,18.61,2022-09-13T04:00:00Z,20849,19.031894
19.15,19.36,18.96,129,19.09,2022-09-14T04:00:00Z,12856,19.099421
19.17,19.385,18.855,177,19.14,2022-09-15T04:00:00Z,26398,19.199588
19.82,19.97,19.65,146,19.71,2022-09-16T04:00:00Z,16637,19.812241
17.995,18.91,17.855,480,18.91,2022-09-19T04:00:00Z,130046,18.288488
18.42,18.555,18.12,200,18.21,2022-09-20T04:00:00Z,18895,18.350797
18.89,18.89,17.92,179,18.16,2022-09-21T04:00:00Z,18327,18.269146
18.675,19.19,18.57,125,18.775,2022-09-22T04:00:00Z,12417,18.9062
19.945,20.805,19.29,277,19.29,2022-09-23T04:00:00Z,17516,20.198825
20.63,20.735,19.71,135,20.29,2022-09-26T04:00:00Z,57207,20.362116
20.79,21.425,20.14,124,20.44,2022-09-27T04:00:00Z,37494,20.343728
20.03,21.065,19.84,132,20.91,2022-09-28T04:00:00Z,12565,20.719831
20.67,21.445,20.64,195,20.725,2022-09-29T04:00:00Z,29381,21.127824
21.11,21.11,20.05,168,20.67,2022-09-30T04:00:00Z,26939,20.629757
20.115,20.6,19.77,246,20.46,2022-10-03T04:00:00Z,29787,20.015904
19.39,19.64,19.195,312,19.3,2022-10-04T04:00:00Z,53742,19.330956
19.53,20.13,19.46,76,19.69,2022-10-05T04:00:00Z,14868,19.82314
20.09,20.18,19.27,36,19.27,2022-10-06T04:00:00Z,8112,19.684625
20.91,21.08,20.36,121,20.36,2022-10-07T04:00:00Z,23363,20.756614
21.27,21.92,21.09,93,21.09,2022-10-10T04:00:00Z,13757,21.39985
21.75,22.0,21.08,155,21.63,2022-10-11T04:00:00Z,19252,21.616207
21.52,21.835,21.37,586,21.74,2022-10-12T04:00:00Z,71326,21.649908
20.95,21.8,20.79,863,21.8,2022-10-13T04:00:00Z,107420,21.437368
21.4,21.78,20.47,886,20.56,2022-10-14T04:00:00Z,110673,21.222363
20.9,20.9,20.42,393,20.68,2022-10-17T04:00:00Z,49055,20.565456
20.43,20.93,20.34,298,20.4,2022-10-18T04:00:00Z,46505,20.491255
20.61,20.9,20.305,406,20.49,2022-10-19T04:00:00Z,69651,20.445595
20.295,20.63,19.96,124,20.43,2022-10-20T04:00:00Z,18340,20.238718
20.27,20.31,19.86,171,20.24,2022-10-21T04:00:00Z,21301,20.09601
19.91,20.55,19.91,117,20.16,2022-10-24T04:00:00Z,19528,20.258211
19.18,19.99,19.13,135,19.98,2022-10-25T04:00:00Z,19471,19.427237
18.705,19.33,18.645,264,19.33,2022-10-26T04:00:00Z,32115,18.862559
18.37,18.72,18.28,90,18.49,2022-10-27T04:00:00Z,14409,18.437358
17.94,18.36,17.795,276,18.36,2022-10-28T04:00:00Z,43831,17.961013
17.64,17.98,17.64,92,17.98,2022-10-31T04:00:00Z,17395,17.829087
17.45,17.74,17.44,250,17.48,2022-11-01T04:00:00Z,36250,17.53952
17.97,18.01,17.37,258,17.58,2022-11-02T04:00:00Z,44488,17.78475
17.52,18.31,17.425,336,18.16,2022-11-03T04:00:00Z,38614,17.788474
17.36,17.705,16.84,858,17.17,2022-11-04T04:00:00Z,128838,17.31716
17.15,17.385,17.005,316,17.24,2022-11-07T05:00:00Z,42968,17.223627
17.66,17.77,16.99,792,17.0,2022-11-08T05:00:00Z,136796,17.341998
18.19,18.31,17.675,1004,17.75,2022-11-09T05:00:00Z,156772,17.99928
17.21,17.315,16.805,972,17.12,2022-11-10T05:00:00Z,147069,17.085593
16.99,17.465,16.96,1019,17.36,2022-11-11T05:00:00Z,137138,17.086788
16.95,17.0,16.53,1115,16.995,2022-11-14T05:00:00Z,123496,16.734527
17.19,17.66,16.64,1383,16.685,2022-11-15T05:00:00Z,168169,17.166521
16.74,17.04,16.705,680,17.0,2022-11-16T05:00:00Z,91981,16.889281
16.57,17.04,16.55,925,17.04,2022-11-17T05:00:00Z,111559,16.732873
16.4,16.745,16.39,1181,16.41,2022-11-18T05:00:00Z,172961,16.547079
15.96,16.46,15.94,596,16.4,2022-11-21T05:00:00Z,85235,16.144807
15.4,15.83,15.395,622,15.8,2022-11-22T05:00:00Z,89391,15.624111
15.08,15.515,15.07,1033,15.4,2022-11-23T05:00:00Z,166018,15.318072
15.14,15.265,15.08,261,15.24,2022-11-25T05:00:00Z,38157,15.190258
15.7,15.85,15.29,1327,15.36,2022-11-28T05:00:00Z,154662,15.637617
15.44,15.81,15.42,831,15.72,2022-11-29T05:00:00Z,123458,15.574564
14.92,15.77,14.79,1278,15.44,2022-11-30T05:00:00Z,201889,15.198507
14.625,15.175,14.625,704,14.885,2022-12-01T05:00:00Z,138571,14.807114
14.39,14.825,14.34,931,14.76,2022-12-02T05:00:00Z,156206,14.507229
14.66,14.93,14.35,710,14.51,2022-12-05T05:00:00Z,131594,14.70293
15.035,15.195,14.44,790,14.52,2022-12-06T05:00:00Z,128392,14.962461
15.29,15.415,15.045,1075,15.22,2022-12-07T05:00:00Z,175925,15.247215
14.96,15.41,14.87,631,15.41,2022-12-08T05:00:00Z,95501,15.101407
15.325,15.35,14.935,645,15.04,2022-12-09T05:00:00Z,110512,15.123014
15.25,15.385,15.075,553,15.225,2022-12-12T05:00:00Z,84848,15.209265
14.57,15.11,14.31,1229,14.35,2022-12-13T05:00:00Z,178372,14.642833
14.085,14.72,14.0,686,14.5,2022-12-14T05:00:00Z,91003,14.257142
14.95,15.275,14.28,2024,14.29,2022-12-15T05:00:00Z,366658,14.989252
15.0,15.475,14.825,1111,15.23,2022-12-16T05:00:00Z,190373,15.220819
14.65,14.955,14.41,612,14.83,2022-12-19T05:00:00Z,104189,14.681781
14.57,14.86,14.375,386,14.68,2022-12-20T05:00:00Z,60865,14.607266
14.01,14.23,13.91,568,14.23,2022-12-21T05:00:00Z,79265,14.037746
14.755,15.4,14.09,1786,14.12,2022-12-22T05:00:00Z,305496,14.834888
14.39,14.85,14.24,1044,14.7,2022-12-23T05:00:00Z,151400,14.487678
14.3,14.625,14.28,660,14.39,2022-12-27T05:00:00Z,94557,14.390843
14.34,14.395,13.97,708,14.19,2022-12-28T05:00:00Z,119252,14.227263
14.13,14.15,13.955,399,14.135,2022-12-29T05:00:00Z,66084,14.038159
14.12,14.42,14.115,939,14.2,2022-12-30T05:00:00Z,138314,14.261787
14.0,14.495,13.91,1297,14.0,2023-01-03T05:00:00Z,190738,14.208476
13.6,13.915,13.59,833,13.86,2023-01-04T05:00:00Z,107659,13.776367
13.71,13.935,13.655,1042,13.73,2023-01-05T05:00:00Z,167137,13.815648
13.405,13.63,13.195,1237,13.47,2023-01-06T05:00:00Z,175260,13.321894
13.46,13.61,13.2,830,13.37,2023-01-09T05:00:00Z,113568,13.393448
12.875,13.52,12.875,606,13.5,2023-01-10T05:00:00Z,91511,13.148549
12.975,13.035,12.83,915,12.83,2023-01-11T05:00:00Z,144997,12.963328
12.32,12.89,12.32,1092,12.7,2023-01-12T05:00:00Z,219436,12.561573
12.02,12.35,11.92,1208,12.35,2023-01-13T05:00:00Z,179680,12.030238
12.095,12.32,12.01,956,12.21,2023-01-17T05:00:00Z,168672,12.165335
12.58,12.64,11.93,1088,11.95,2023-01-18T05:00:00Z,241655,12.417772
12.595,13.04,12.44,1448,12.865,2023-01-19T05:00:00Z,224528,12.7137
12.19,12.63,12.115,1083,12.555,2023-01-20T05:00:00Z,124847,12.280295
12.08,12.25,12.01,994,12.25,2023-01-23T05:00:00Z,151086,12.130614
11.59,12.17,11.56,997,12.15,2023-01-24T05:00:00Z,184786,11.751259
11.58,12.33,11.58,1103,11.97,2023-01-25T05:00:00Z,228696,11.949403
11.45,11.72,11.425,537,11.5,2023-01-26T05:00:00Z,103905,11.578292
11.27,11.43,11.07,829,11.43,2023-01-27T05:00:00Z,134836,11.228595
11.585,11.79,11.49,746,11.53,2023-01-30T05:00:00Z,153933,11.620785
11.33,11.605,11.23,566,11.6,2023-01-31T05:00:00Z,129939,11.423315
10.96,11.565,10.85,808,11.31,2023-02-01T05:00:00Z,161716,11.28354
11.21,11.515,10.65,1083,10.74,2023-02-02T05:00:00Z,211272,11.124856
11.3,11.715,11.195,924,11.53,2023-02-03T05:00:00Z,273345,11.473929
11.58,11.65,11.38,392,11.475,2023-02-06T05:00:00Z,64598,11.509439
11.22,11.7,11.14,759,11.685,2023-02-07T05:00:00Z,223008,11.421441
11.67,11.85,11.2,1008,11.37,2023-02-08T05:00:00Z,371104,11.63252
12.04,12.075,11.35,1261,11.48,2023-02-09T05:00:00Z,249816,11.750893
12.195,12.485,12.07,1209,12.25,2023-02-10T05:00:00Z,291331,12.265044
11.69,12.01,11.685,682,11.98,2023-02-13T05:00:00Z,135004,11.832108
11.24,11.715,11.16,939,11.59,2023-02-14T05:00:00Z,261583,11.370197
11.06,11.36,11.06,628,11.32,2023-02-15T05:00:00Z,114362,11.208659
11.64,11.67,11.145,1344,11.34,2023-02-16T05:00:00Z,487038,11.417729
11.71,12.13,11.655,1050,11.9,2023-02-17T05:00:00Z,266110,11.903763
12.59,12.665,12.085,975,12.18,2023-02-21T05:00:00Z,228603,12.443559
12.21,12.77,12.16,902,12.61,2023-02-22T05:00:00Z,234507,12.395597
11.8,12.34,11.73,681,11.99,2023-02-23T05:00:00Z,178211,12.006496
12.22,12.55,12.16,997,12.235,2023-02-24T05:00:00Z,318481,12.382614
11.81,11.94,11.68,560,11.935,2023-02-27T05:00:00Z,110952,11.798032
11.53,11.78,11.43,387,11.77,2023-02-28T05:00:00Z,110111,11.532393
11.65,11.915,11.43,575,11.615,2023-03-01T05:00:00Z,132903,11.664829
11.23,11.87,11.22,606,11.87,2023-03-02T05:00:00Z,101125,11.441824
10.89,11.16,10.86,1033,11.11,2023-03-03T05:00:00Z,282238,10.99301
10.72,10.85,10.68,508,10.84,2023-03-06T05:00:00Z,112155,10.749017
43.96,44.06,42.62,47,42.84,2023-03-07T05:00:00Z,4087,43.36522
42.925,44.0,42.925,165,43.8,2023-03-08T05:00:00Z,8252,43.422193
47.71,47.84,42.53,350,42.71,2023-03-09T05:00:00Z,41112,45.796443
52.79,57.68,48.01,1599,48.01,2023-03-10T05:00:00Z,147085,52.971793
54.81,58.69,53.39,647,58.47,2023-03-13T04:00:00Z,73202,55.130716
51.17,53.17,48.57,1465,50.66,2023-03-14T04:00:00Z,141007,50.859387
55.24,60.33,54.3,1549,55.69,2023-03-15T04:00:00Z,163121,56.621287
50.46,57.19,50.31,958,56.87,2023-03-16T04:00:00Z,100032,54.143259
56.03,56.76,51.17,1044,52.04,2023-03-17T04:00:00Z,105275,54.200576
53.35,56.76,53.11,585,55.95,2023-03-20T04:00:00Z,79817,54.758751
48.55,50.56,48.41,478,50.45,2023-03-21T04:00:00Z,41076,49.966015
50.17,50.43,46.85,590,48.32,2023-03-22T04:00:00Z,43367,48.150661
51.77,52.58,47.16,728,48.37,2023-03-23T04:00:00Z,47318,50.306619
49.73,55.36,49.73,388,53.44,2023-03-24T04:00:00Z,42207,51.958512
47.8,49.41,47.65,146,48.4,2023-03-27T04:00:00Z,15121,48.50887
46.64,48.045,46.64,357,47.85,2023-03-28T04:00:00Z,28891,47.263908
45.1,45.86,44.88,280,45.385,2023-03-29T04:00:00Z,32530,45.327314
45.15,46.64,44.88,303,44.94,2023-03-30T04:00:00Z,15566,45.507066
44.91,45.13,44.28,225,44.88,2023-03-31T04:00:00Z,16806,44.657894
43.88,45.37,43.79,338,44.78,2023-04-03T04:00:00Z,20365,44.404146
44.7,45.81,44.13,301,44.42,2023-04-04T04:00:00Z,10056,44.811842
44.33,45.71,44.3,155,44.94,2023-04-05T04:00:00Z,12706,44.916237
43.25,44.91,43.13,315,44.57,2023-04-06T04:00:00Z,12527,43.845464
43.02,44.15,43.02,210,43.93,2023-04-10T04:00:00Z,7724,43.456398
42.71,42.9,42.06,234,42.61,2023-04-11T04:00:00Z,9877,42.351634
42.91,43.135,41.67,516,41.83,2023-04-12T04:00:00Z,19365,42.51871
41.3,42.03,41.19,624,42.03,2023-04-13T04:00:00Z,39484,41.44313
40.63,41.82,40.62,818,41.56,2023-04-14T04:00:00Z,60254,41.175377
39.48,40.43,39.31,588,40.43,2023-04-17T04:00:00Z,15064,39.822147
39.15,39.85,38.89,314,39.41,2023-04-18T04:00:00Z,22563,39.37042
39.13,39.6,38.68,414,39.34,2023-04-19T04:00:00Z,23391,39.206387
39.92,40.25,39.02,347,39.585,2023-04-20T04:00:00Z,25188,39.598797
39.23,40.17,39.09,386,39.72,2023-04-21T04:00:00Z,24352,39.567209
39.055,39.7,39.0,291,39.15,2023-04-24T04:00:00Z,20598,39.171731
42.22,42.52,39.32,394,39.615,2023-04-25T04:00:00Z,48346,41.28529
41.13,41.95,40.12,395,41.45,2023-04-26T04:00:00Z,51616,41.077861
39.42,39.86,38.935,587,39.86,2023-04-27T04:00:00Z,60422,39.232227
37.86,39.11,37.86,719,39.11,2023-04-28T04:00:00Z,58966,38.358783
37.14,37.61,36.385,364,37.52,2023-05-01T04:00:00Z,38157,36.833039
38.94,41.47,38.045,500,38.045,2023-05-02T04:00:00Z,95407,39.758535
39.965,40.075,38.105,583,39.21,2023-05-03T04:00:00Z,51695,39.161896
42.05,43.145,40.6,559,40.6,2023-05-04T04:00:00Z,55556,42.145474
38.77,40.37,38.61,504,40.37,2023-05-05T04:00:00Z,48138,39.052146
38.28,39.035,38.1,418,38.76,2023-05-08T04:00:00Z,32270,38.569315
38.98,39.12,38.49,360,38.74,2023-05-09T04:00:00Z,12375,38.847984
37.83,39.46,37.53,219,37.7,2023-05-10T04:00:00Z,19423,38.142029
37.46,39.17,37.37,200,38.24,2023-05-11T04:00:00Z,10282,37.838725
37.46,38.405,36.84,449,37.04,2023-05-12T04:00:00Z,28634,37.470639
36.565,37.555,36.51,333,37.15,2023-05-15T04:00:00Z,17088,36.791045
37.58,37.62,36.54,399,36.86,2023-05-16T04:00:00Z,52113,37.000068
36.35,37.13,36.18,477,36.61,2023-05-17T04:00:00Z,58327,36.422311
34.95,36.29,34.93,303,36.19,2023-05-18T04:00:00Z,30960,35.458882
35.79,36.445,34.485,366,34.485,2023-05-19T04:00:00Z,34685,35.675819
35.82,36.32,35.24,277,35.8,2023-05-22T04:00:00Z,27411,35.560549
36.47,36.995,35.49,313,36.43,2023-05-23T04:00:00Z,39631,36.124746
38.01,38.3,37.39,434,37.53,2023-05-24T04:00:00Z,33762,37.804122
37.01,37.625,36.69,416,36.84,2023-05-25T04:00:00Z,43077,37.044251
35.6,35.86,34.75,447,35.74,2023-05-26T04:00:00Z,51126,35.299195
34.645,35.835,34.26,426,34.325,2023-05-30T04:00:00Z,42643,35.053518
34.415,35.43,34.145,243,34.96,2023-05-31T04:00:00Z,20337,34.659737
32.48,34.05,32.445,681,33.91,2023-06-01T04:00:00Z,127574,32.796418
31.235,31.885,30.89,485,31.59,2023-06-02T04:00:00Z,62479,31.388089
30.55,31.28,30.55,410,31.16,2023-06-05T04:00:00Z,71383,30.825531
28.775,30.43,28.715,439,30.42,2023-06-06T04:00:00Z,42137,29.266606
28.91,29.38,28.775,461,28.9,2023-06-07T04:00:00Z,81180,29.190165
28.115,29.1,27.9,414,28.81,2023-06-08T04:00:00Z,51495,28.229895
28.32,28.695,27.995,450,28.11,2023-06-09T04:00:00Z,46432,28.334141
28.5,28.875,28.34,489,28.59,2023-06-12T04:00:00Z,125164,28.609562
28.39,28.555,27.98,357,28.1,2023-06-13T04:00:00Z,40303,28.363682
27.56,28.355,27.525,501,28.28,2023-06-14T04:00:00Z,97028,27.926618
28.29,28.315,27.37,330,27.37,2023-06-15T04:00:00Z,53544,27.710329
27.34,28.47,27.32,589,28.38,2023-06-16T04:00:00Z,85195,27.677567
27.355,27.985,27.355,511,27.53,2023-06-20T04:00:00Z,65078,27.639537
26.78,27.175,26.7,320,27.04,2023-06-21T04:00:00Z,27668,26.966591
26.15,27.125,25.975,350,27.035,2023-06-22T04:00:00Z,61193,26.836071
26.48,27.05,26.12,215,26.78,2023-06-23T04:00:00Z,22208,26.470766
26.45,26.47,25.95,404,26.28,2023-06-26T04:00:00Z,53196,26.279626
25.76,26.12,25.255,536,26.12,2023-06-27T04:00:00Z,61569,25.48284
24.87,25.59,24.85,452,25.58,2023-06-28T04:00:00Z,58864,25.232814
25.34,25.49,24.955,643,24.96,2023-06-29T04:00:00Z,66891,25.275127
24.92,25.19,24.705,684,25.05,2023-06-30T04:00:00Z,61049,24.870114
24.75,25.045,24.735,475,24.845,2023-07-03T04:00:00Z,55830,24.862769
25.195,25.24,24.835,602,25.2,2023-07-05T04:00:00Z,72258,25.031556
26.46,28.835,26.28,760,26.28,2023-07-06T04:00:00Z,98879,27.308221
25.91,26.725,25.515,656,26.725,2023-07-07T04:00:00Z,87497,25.785224
25.72,26.24,25.63,208,25.83,2023-07-10T04:00:00Z,28596,25.889935
25.51,25.895,25.08,1024,25.14,2023-07-11T04:00:00Z,109656,25.484614
24.09,24.65,24.02,710,24.52,2023-07-12T04:00:00Z,98725,24.254734
24.235,24.235,23.46,695,23.62,2023-07-13T04:00:00Z,88307,23.92732
23.95,24.53,23.765,513,24.205,2023-07-14T04:00:00Z,50504,24.092846
23.875,23.955,23.46,466,23.95,2023-07-17T04:00:00Z,45672,23.709173
23.525,23.88,23.395,450,23.775,2023-07-18T04:00:00Z,47807,23.664554
24.15,24.15,23.235,435,23.235,2023-07-19T04:00:00Z,48217,23.774751
24.0,24.395,23.69,712,23.9,2023-07-20T04:00:00Z,87058,24.058621
23.69,23.83,23.27,576,23.74,2023-07-21T04:00:00Z,63793,23.539249
23.305,23.64,23.1,643,23.64,2023-07-24T04:00:00Z,70623,23.29277
23.325,23.355,22.85,1034,23.275,2023-07-25T04:00:00Z,108925,23.197908
22.64,23.48,22.62,533,23.48,2023-07-26T04:00:00Z,66038,22.965677
23.75,24.285,22.22,1869,22.22,2023-07-27T04:00:00Z,243695,23.008142
22.83,23.45,22.65,751,23.0,2023-07-28T04:00:00Z,74432,22.958817
22.71,23.07,22.65,556,22.8,2023-07-31T04:00:00Z,57969,22.796303
22.98,23.395,22.93,542,23.235,2023-08-01T04:00:00Z,47662,23.106475
24.99,25.65,24.32,1451,24.465,2023-08-02T04:00:00Z,212128,24.883473
24.98,26.27,24.605,2007,25.9,2023-08-03T04:00:00Z,151343,25.21745
25.785,26.0,23.64,1682,24.165,2023-08-04T04:00:00Z,127483,24.700303
24.48,25.46,24.43,1749,25.225,2023-08-07T04:00:00Z,90639,24.878008
24.935,27.18,24.92,4049,25.555,2023-08-08T04:00:00Z,201380,26.218922
24.77,25.75,24.19,1915,24.67,2023-08-09T04:00:00Z,108228,24.806944
24.78,25.46,23.37,3076,23.75,2023-08-10T04:00:00Z,152436,24.360777
23.88,25.415,23.78,2130,25.28,2023-08-11T04:00:00Z,121172,24.304802
23.43,24.58,23.39,1371,24.23,2023-08-14T04:00:00Z,61311,23.796547
24.75,25.02,23.8,1854,23.8,2023-08-15T04:00:00Z,139746,24.545626
25.17,25.17,24.06,1743,24.585,2023-08-16T04:00:00Z,100845,24.668064
26.35,26.36,24.715,2484,24.76,2023-08-17T04:00:00Z,143663,25.488317
25.76,27.27,25.53,2655,27.15,2023-08-18T04:00:00Z,141696,26.218858
25.04,25.87,24.93,1518,25.37,2023-08-21T04:00:00Z,119514,25.365115
25.13,25.58,24.52,1190,24.52,2023-08-22T04:00:00Z,79977,25.197806
24.32,24.88,24.24,1323,24.88,2023-08-23T04:00:00Z,108490,24.431022
25.295,25.38,23.86,1395,23.95,2023-08-24T04:00:00Z,99691,24.597591
24.16,25.6,23.97,1780,24.895,2023-08-25T04:00:00Z,136904,24.665278
23.25,23.825,23.22,935,23.725,2023-08-28T04:00:00Z,86828,23.474901
22.62,23.23,22.46,2302,23.175,2023-08-29T04:00:00Z,186670,22.714279
21.91,22.61,21.87,1444,22.43,2023-08-30T04:00:00Z,144206,22.217193
21.48,21.96,21.42,1134,21.84,2023-08-31T04:00:00Z,154836,21.691296
21.22,21.42,21.0,749,21.12,2023-09-01T04:00:00Z,115224,21.1955
21.325,21.61,21.03,527,21.31,2023-09-05T04:00:00Z,50143,21.266188
21.785,22.21,21.38,743,21.43,2023-09-06T04:00:00Z,99709,21.739521
21.69,22.67,21.6,675,22.43,2023-09-07T04:00:00Z,93221,22.172701
21.26,21.505,20.975,662,21.505,2023-09-08T04:00:00Z,98900,21.204249
20.84,21.19,20.69,658,20.91,2023-09-11T04:00:00Z,89151,20.881353
20.93,21.09,20.56,884,20.955,2023-09-12T04:00:00Z,113160,20.864069
20.5,20.795,20.4,967,20.73,2023-09-13T04:00:00Z,128629,20.524258
19.89,20.3,19.88,1284,20.2,2023-09-14T04:00:00Z,158197,20.080106
20.68,20.75,19.82,1234,20.0,2023-09-15T04:00:00Z,155604,20.335795
20.52,21.09,20.215,900,20.905,2023-09-18T04:00:00Z,127049,20.472545
20.385,21.025,20.295,801,20.505,2023-09-19T04:00:00Z,117861,20.601026
21.19,21.235,19.94,1690,20.09,2023-09-20T04:00:00Z,369755,20.297466
22.84,22.865,21.71,1874,22.185,2023-09-21T04:00:00Z,369093,22.36605
22.88,22.96,22.075,1383,22.76,2023-09-22T04:00:00Z,184984,22.578623
22.95,23.76,22.765,1052,23.47,2023-09-25T04:00:00Z,141972,23.192539
25.025,25.155,23.16,1903,23.395,2023-09-26T04:00:00Z,272778,24.133982
24.0,25.43,23.96,2160,24.3,2023-09-27T04:00:00Z,350001,24.792285
22.86,24.25,22.69,947,23.99,2023-09-28T04:00:00Z,109734,23.223897
23.36,23.36,21.88,1215,21.97,2023-09-29T04:00:00Z,169667,22.744927
23.41,23.88,22.755,1102,23.4,2023-10-02T04:00:00Z,130642,23.407997
25.56,25.92,23.69,2042,24.01,2023-10-03T04:00:00Z,453560,24.842197
24.3,25.485,24.19,1791,25.13,2023-10-04T04:00:00Z,203743,24.964414
23.94,25.345,23.94,1008,24.26,2023-10-05T04:00:00Z,130280,24.686864
23.64,25.28,23.16,990,24.66,2023-10-06T04:00:00Z,141845,24.058883
23.35,24.75,23.32,604,24.47,2023-10-09T04:00:00Z,80883,24.153432
22.52,23.05,22.24,762,23.045,2023-10-10T04:00:00Z,110831,22.604614
22.08,23.31,22.03,738,22.24,2023-10-11T04:00:00Z,108313,22.433743
22.65,23.48,21.435,1091,21.875,2023-10-12T04:00:00Z,182204,22.245619
25.375,25.91,22.5,2724,22.58,2023-10-13T04:00:00Z,339286,24.813832
22.92,24.42,22.855,1782,24.395,2023-10-16T04:00:00Z,484313,23.475635
23.54,24.02,22.55,1151,23.75,2023-10-17T04:00:00Z,165195,23.436481
25.12,25.36,23.92,1172,24.12,2023-10-18T04:00:00Z,353135,24.355234
26.23,26.385,24.315,2309,24.63,2023-10-19T04:00:00Z,325665,25.199897
26.46,26.9,25.72,1368,26.31,2023-10-20T04:00:00Z,165905,26.338856
25.54,27.33,24.72,1032,26.89,2023-10-23T04:00:00Z,99765,25.649839
24.44,25.55,24.295,881,24.86,2023-10-24T04:00:00Z,94616,24.80396
25.95,26.57,24.53,1366,24.545,2023-10-25T04:00:00Z,194868,25.636878
26.22,26.97,25.6,962,26.0,2023-10-26T04:00:00Z,117044,26.161708
27.04,27.22,25.38,1356,25.69,2023-10-27T04:00:00Z,192346,26.311934
25.12,26.08,25.035,724,25.93,2023-10-30T04:00:00Z,92557,25.573002
23.44,25.16,23.44,725,25.01,2023-10-31T04:00:00Z,87646,24.20723
22.46,23.26,22.34,746,23.225,2023-11-01T04:00:00Z,117125,22.642591
21.685,22.31,21.68,877,21.96,2023-11-02T04:00:00Z,123724,21.971253
21.2,21.47,21.06,642,21.34,2023-11-03T04:00:00Z,91444,21.224916
20.49,21.07,20.45,420,20.865,2023-11-06T05:00:00Z,63496,20.687995
20.395,20.61,20.24,1052,20.42,2023-11-07T05:00:00Z,390692,20.328043
19.98,20.62,19.92,486,20.13,2023-11-08T05:00:00Z,65572,20.127903
20.805,20.945,19.74,838,19.74,2023-11-09T05:00:00Z,154895,20.483414
19.93,20.43,19.76,871,20.43,2023-11-10T05:00:00Z,157365,19.967048
19.74,20.17,19.52,448,20.01,2023-11-13T05:00:00Z,49189,19.793101
19.58,19.6,18.96,927,19.0,2023-11-14T05:00:00Z,153650,19.292013
19.135,19.39,19.08,766,19.2,2023-11-15T05:00:00Z,87814,19.209494
18.85,19.22,18.83,612,19.06,2023-11-16T05:00:00Z,74219,18.989682
18.56,18.87,18.5,631,18.75,2023-11-17T05:00:00Z,78607,18.641738
18.425,18.49,18.23,645,18.47,2023-11-20T05:00:00Z,63338,18.335954
18.055,18.5,18.01,607,18.5,2023-11-21T05:00:00Z,72305,18.206834
18.2,18.37,17.78,628,17.795,2023-11-22T05:00:00Z,89358,18.084544
17.39,18.12,17.36,388,18.06,2023-11-24T05:00:00Z,72779,17.816999
17.535,17.58,17.43,518,17.565,2023-11-27T05:00:00Z,60416,17.517724
17.29,17.61,17.21,673,17.455,2023-11-28T05:00:00Z,75970,17.340628
17.59,17.635,17.12,735,17.155,2023-11-29T05:00:00Z,95919,17.400166
17.28,17.64,17.25,570,17.455,2023-11-30T05:00:00Z,97933,17.431617
17.21,17.28,17.01,562,17.2,2023-12-01T05:00:00Z,151186,17.175103
17.28,17.8,17.26,629,17.475,2023-12-04T05:00:00Z,75164,17.526123
17.145,17.38,17.14,433,17.35,2023-12-05T05:00:00Z,51355,17.238891
17.31,17.35,16.88,488,16.96,2023-12-06T05:00:00Z,61207,17.086542
17.245,17.33,17.14,532,17.2,2023-12-07T05:00:00Z,57264,17.22731
16.77,17.1,16.75,405,17.1,2023-12-08T05:00:00Z,56685,16.882008
16.36,16.735,16.34,810,16.685,2023-12-11T05:00:00Z,137869,16.463052
15.9,16.225,15.8,1366,16.16,2023-12-12T05:00:00Z,217784,15.951663
15.69,16.05,15.615,1866,15.805,2023-12-13T05:00:00Z,301371,15.88633
15.64,16.08,15.575,2411,15.59,2023-12-14T05:00:00Z,459892,15.781304
16.14,16.19,15.62,1231,15.705,2023-12-15T05:00:00Z,177430,15.948439
16.18,16.235,16.08,591,16.12,2023-12-18T05:00:00Z,159243,16.13706
16.42,16.455,16.21,698,16.25,2023-12-19T05:00:00Z,131274,16.278035
17.47,17.61,16.25,1365,16.335,2023-12-20T05:00:00Z,328990,16.977089
17.0,17.57,16.9,1075,17.07,2023-12-21T05:00:00Z,170588,17.139008
16.615,17.325,16.61,540,16.94,2023-12-22T05:00:00Z,106447,16.975071
16.17,16.67,16.16,415,16.56,2023-12-26T05:00:00Z,82195,16.32836
15.51,16.02,15.5,605,16.02,2023-12-27T05:00:00Z,123359,15.712866
15.49,15.69,15.42,581,15.45,2023-12-28T05:00:00Z,86571,15.525552
15.54,15.895,15.38,1392,15.45,2023-12-29T05:00:00Z,187520,15.5886
15.54,16.19,15.45,916,15.9,2024-01-02T05:00:00Z,250941,15.78377
16.105,16.35,15.58,899,15.8,2024-01-03T05:00:00Z,145478,15.944606
16.1,16.16,15.78,575,16.045,2024-01-04T05:00:00Z,79653,16.012864
15.585,15.93,15.41,1168,15.93,2024-01-05T05:00:00Z,395557,15.545493
15.175,15.6,15.0,659,15.535,2024-01-08T05:00:00Z,126090,15.206337
14.825,15.35,14.8,435,15.335,2024-01-09T05:00:00Z,75471,15.112143
14.675,14.79,14.61,433,14.68,2024-01-10T05:00:00Z,71674,14.674527
14.6,15.13,14.43,651,14.495,2024-01-11T05:00:00Z,100140,14.711459
14.84,14.895,14.545,786,14.545,2024-01-12T05:00:00Z,240444,14.724036
15.37,15.65,15.02,1179,15.13,2024-01-16T05:00:00Z,168689,15.371824
15.89,16.28,15.55,1150,15.82,2024-01-17T05:00:00Z,196055,15.935224
15.39,15.9,15.33,862,15.46,2024-01-18T05:00:00Z,123419,15.492419
15.02,15.18,14.9,1106,15.07,2024-01-19T05:00:00Z,257191,15.05471
14.49,14.92,14.455,964,14.77,2024-01-22T05:00:00Z,155530,14.706136
14.095,14.335,14.08,590,14.285,2024-01-23T05:00:00Z,106886,14.198398
14.45,14.45,13.955,781,13.955,2024-01-24T05:00:00Z,158705,14.206263
14.65,14.66,14.34,601,14.44,2024-01-25T05:00:00Z,73064,14.544709
14.51,14.67,14.34,750,14.6,2024-01-26T05:00:00Z,98702,14.488065
14.65,14.79,14.49,686,14.57,2024-01-29T05:00:00Z,102775,14.6143
14.38,14.565,14.36,635,14.515,2024-01-30T05:00:00Z,115993,14.46747
15.16,15.25,14.4,1863,14.44,2024-01-31T05:00:00Z,248944,14.942045
15.01,15.27,14.72,930,14.895,2024-02-01T05:00:00Z,129276,14.946012
14.965,15.11,14.72,993,14.96,2024-02-02T05:00:00Z,163206,14.91233
14.39,15.15,14.36,868,14.9,2024-02-05T05:00:00Z,129233,14.66997
14.06,14.43,14.03,607,14.245,2024-02-06T05:00:00Z,93613,14.236754
14.0,14.11,13.91,686,13.925,2024-02-07T05:00:00Z,95553,13.995771
13.905,14.17,13.88,672,13.96,2024-02-08T05:00:00Z,106755,13.988609
14.06,14.07,13.75,528,13.845,2024-02-09T05:00:00Z,86804,13.947059
14.32,14.46,13.9,1346,13.91,2024-02-12T05:00:00Z,292652,14.288737
15.39,16.28,14.66,3119,14.78,2024-02-13T05:00:00Z,512180,15.28235
14.52,15.055,14.47,1271,14.7,2024-02-14T05:00:00Z,201203,14.697489
14.43,14.705,14.32,654,14.34,2024-02-15T05:00:00Z,112179,14.54087
14.39,14.62,14.12,1171,14.48,2024-02-16T05:00:00Z,166608,14.334257
14.9,15.23,14.555,1505,14.555,2024-02-20T05:00:00Z,233155,14.90483
14.74,15.09,14.705,1167,14.96,2024-02-21T05:00:00Z,166597,14.884694
14.48,14.48,13.99,1152,14.13,2024-02-22T05:00:00Z,189968,14.167398
13.91,14.32,13.91,845,14.22,2024-02-23T05:00:00Z,142622,14.077432
13.76,13.85,13.72,738,13.82,2024-02-26T05:00:00Z,106182,13.777033
13.53,13.69,13.51,662,13.645,2024-02-27T05:00:00Z,101202,13.571178
13.75,13.85,13.59,565,13.65,2024-02-28T05:00:00Z,116199,13.711767
13.54,13.865,13.49,860,13.51,2024-02-29T05:00:00Z,174284,13.618111
13.59,13.675,13.36,882,13.42,2024-03-01T05:00:00Z,186067,13.535735
13.58,13.645,13.5,509,13.5,2024-03-04T05:00:00Z,95618,13.567164
14.13,14.545,13.73,1843,13.73,2024-03-05T05:00:00Z,400798,14.149548
14.17,14.29,13.73,933,13.73,2024-03-06T05:00:00Z,203841,14.02371
14.135,14.29,13.86,630,13.87,2024-03-07T05:00:00Z,132311,14.103803
14.47,14.94,13.82,1254,13.91,2024-03-08T05:00:00Z,203290,14.430815
14.32,14.85,14.195,717,14.58,2024-03-11T04:00:00Z,148896,14.509954
13.645,14.155,13.59,957,13.98,2024-03-12T04:00:00Z,261652,13.733452
13.55,13.68,13.485,590,13.59,2024-03-13T04:00:00Z,110908,13.58862
13.91,14.445,13.39,1980,13.45,2024-03-14T04:00:00Z,371924,13.981533
14.16,14.7,13.98,1207,14.12,2024-03-15T04:00:00Z,230064,14.282004
13.85,13.97,13.74,806,13.97,2024-03-18T04:00:00Z,141014,13.829823
13.49,13.935,13.48,823,13.86,2024-03-19T04:00:00Z,202025,13.605252
13.175,13.55,13.13,1672,13.43,2024-03-20T04:00:00Z,405402,13.382968
13.09,13.25,12.96,918,12.98,2024-03-21T04:00:00Z,181005,13.098356
13.1,13.2,12.92,784,13.09,2024-03-22T04:00:00Z,165542,13.073125
13.045,13.14,12.94,443,13.14,2024-03-25T04:00:00Z,83078,13.036023
12.99,13.01,12.79,779,12.92,2024-03-26T04:00:00Z,176877,12.875152
12.765,13.07,12.76,824,12.825,2024-03-27T04:00:00Z,177253,12.847523
12.99,12.99,12.735,758,12.76,2024-03-28T04:00:00Z,178879,12.873108
13.1,13.325,12.94,770,13.05,2024-04-01T04:00:00Z,256904,13.1439
13.46,13.95,13.45,1609,13.57,2024-04-02T04:00:00Z,402024,13.676969
13.37,13.72,13.22,948,13.66,2024-04-03T04:00:00Z,230683,13.364697
14.02,14.4,13.03,3045,13.16,2024-04-04T04:00:00Z,1014559,13.972573
14.265,14.42,13.79,2432,14.19,2024-04-05T04:00:00Z,774995,14.170436
13.71,14.12,13.59,1209,14.01,2024-04-08T04:00:00Z,398660,13.71563
13.625,14.2,13.55,1098,13.595,2024-04-09T04:00:00Z,407546,13.779425
13.84,14.38,13.8,2950,13.99,2024-04-10T04:00:00Z,853340,14.0375
13.61,14.44,13.54,753,13.91,2024-04-11T04:00:00Z,192412,13.818263
14.75,15.48,14.24,4268,14.25,2024-04-12T04:00:00Z,1366930,15.033972
15.59,15.67,14.19,2694,14.32,2024-04-15T04:00:00Z,582440,14.9548
15.09,15.63,14.81,2007,15.59,2024-04-16T04:00:00Z,441050,15.189345
14.93,15.595,14.7,1343,15.0,2024-04-17T04:00:00Z,234936,15.092211
15.07,15.27,14.585,733,14.74,2024-04-18T04:00:00Z,140925,14.949528
15.47,15.69,14.83,1862,15.11,2024-04-19T04:00:00Z,478715,15.373002
14.295,14.88,14.1,981,14.88,2024-04-22T04:00:00Z,196772,14.461374
13.71,14.03,13.64,606,13.985,2024-04-23T04:00:00Z,102319,13.832821
13.57,13.94,13.55,1083,13.68,2024-04-24T04:00:00Z,429368,13.751937
13.88,14.54,13.8,1397,14.365,2024-04-25T04:00:00Z,507802,14.238946
13.42,13.6,13.365,704,13.5,2024-04-26T04:00:00Z,109141,13.438937
13.245,13.47,13.11,841,13.32,2024-04-29T04:00:00Z,137082,13.2531
13.62,13.63,13.09,659,13.27,2024-04-30T04:00:00Z,168894,13.256601
13.67,13.85,13.09,1439,13.75,2024-05-01T04:00:00Z,302686,13.482095
13.245,13.76,13.18,539,13.365,2024-05-02T04:00:00Z,92942,13.314531
12.775,13.02,12.725,1096,12.77,2024-05-03T04:00:00Z,262978,12.812728
12.46,12.61,12.46,767,12.59,2024-05-06T04:00:00Z,167752,12.541739
12.415,12.5,12.385,684,12.405,2024-05-07T04:00:00Z,224384,12.439463
12.285,12.42,12.265,561,12.4,2024-05-08T04:00:00Z,165860,12.317815
12.22,12.41,12.215,830,12.265,2024-05-09T04:00:00Z,198739,12.272389
12.05,12.25,12.045,644,12.225,2024-05-10T04:00:00Z,169545,12.163526
12.195,12.255,12.02,292,12.06,2024-05-13T04:00:00Z,52740,12.110599
11.985,12.27,11.945,296,12.195,2024-05-14T04:00:00Z,50439,12.056501
11.535,11.855,11.525,1261,11.74,2024-05-15T04:00:00Z,232813,11.595662
11.5,11.63,11.485,1278,11.54,2024-05-16T04:00:00Z,228446,11.524979
11.38,11.54,11.34,508,11.515,2024-05-17T04:00:00Z,128181,11.441491
11.41,11.45,11.255,685,11.35,2024-05-20T04:00:00Z,133019,11.350179
11.2,11.41,11.16,659,11.41,2024-05-21T04:00:00Z,165025,11.212598
11.455,11.55,11.125,1122,11.21,2024-05-22T04:00:00Z,233922,11.398112
11.62,11.71,11.15,1910,11.2,2024-05-23T04:00:00Z,324479,11.38957
11.225,11.53,11.195,1291,11.52,2024-05-24T04:00:00Z,221158,11.275345
11.485,11.67,11.205,894,11.21,2024-05-28T04:00:00Z,167065,11.435956
11.945,12.04,11.74,754,11.93,2024-05-29T04:00:00Z,148635,11.87258
11.88,12.105,11.67,587,11.96,2024-05-30T04:00:00Z,134131,11.888461
11.54,12.2,11.5,837,11.74,2024-05-31T04:00:00Z,182797,11.783898
11.47,11.89,11.365,932,11.41,2024-06-03T04:00:00Z,169384,11.598259
11.515,11.845,11.465,870,11.655,2024-06-04T04:00:00Z,137719,11.637348
11.3,11.605,11.265,682,11.43,2024-06-05T04:00:00Z,120472,11.356357
11.24,11.37,11.19,947,11.24,2024-06-06T04:00:00Z,158829,11.253938
11.115,11.275,11.04,587,11.23,2024-06-07T04:00:00Z,222548,11.099238
11.115,11.33,11.07,676,11.285,2024-06-10T04:00:00Z,95304,11.161248
11.12,11.4,11.08,787,11.265,2024-06-11T04:00:00Z,121544,11.200499
10.91,10.985,10.805,1112,10.86,2024-06-12T04:00:00Z,425022,10.882261
10.88,11.17,10.82,603,10.89,2024-06-13T04:00:00Z,158385,10.998775
11.22,11.43,11.06,1548,11.14,2024-06-14T04:00:00Z,347296,11.245389
11.17,11.355,11.05,819,11.225,2024-06-17T04:00:00Z,147997,11.154635
11.13,11.23,11.015,599,11.03,2024-06-18T04:00:00Z,132001,11.136985
11.495,11.58,11.115,893,11.115,2024-06-20T04:00:00Z,126038,11.400837
11.255,11.705,11.19,1086,11.595,2024-06-21T04:00:00Z,251858,11.268163
11.21,11.365,11.085,846,11.355,2024-06-24T04:00:00Z,192572,11.188516
10.98,11.25,10.955,625,11.195,2024-06-25T04:00:00Z,257453,11.081412
10.87,11.055,10.855,437,11.03,2024-06-26T04:00:00Z,191529,10.938255
10.79,10.89,10.78,466,10.845,2024-06-27T04:00:00Z,131055,10.817617
10.93,10.93,10.725,619,10.765,2024-06-28T04:00:00Z,97134,10.787551
10.5,10.855,10.49,759,10.83,2024-07-01T04:00:00Z,287915,10.637982
10.375,10.555,10.345,581,10.555,2024-07-02T04:00:00Z,100398,10.408105
10.42,10.45,10.33,250,10.35,2024-07-03T04:00:00Z,73243,10.387589
10.455,10.535,10.37,425,10.405,2024-07-05T04:00:00Z,72248,10.465915
10.3,10.34,10.22,674,10.335,2024-07-08T04:00:00Z,139056,10.256127
10.3,10.365,10.225,579,10.26,2024-07-09T04:00:00Z,89792,10.297527
10.26,10.31,10.15,546,10.3,2024-07-10T04:00:00Z,109368,10.225464
10.285,10.46,10.15,1030,10.16,2024-07-11T04:00:00Z,327578,10.316099
10.15,10.155,10.0,578,10.15,2024-07-12T04:00:00Z,206102,10.053965
10.325,10.35,10.03,755,10.07,2024-07-15T04:00:00Z,163508,10.240646
10.385,10.4,10.25,589,10.3,2024-07-16T04:00:00Z,113896,10.318252
10.74,10.87,10.525,1788,10.65,2024-07-17T04:00:00Z,681224,10.686182
11.07,11.21,10.45,2389,10.51,2024-07-18T04:00:00Z,893269,11.032439
11.53,11.665,11.095,1787,11.22,2024-07-19T04:00:00Z,776040,11.485487
10.91,11.35,10.845,1103,11.32,2024-07-22T04:00:00Z,287824,11.109478
10.82,10.965,10.675,618,10.915,2024-07-23T04:00:00Z,183495,10.770529
49.145,49.62,44.685,1015,44.71,2024-07-24T04:00:00Z,110773,47.018963
49.63,50.925,46.72,1480,48.655,2024-07-25T04:00:00Z,115423,48.689255
46.91,48.38,46.75,425,48.265,2024-07-26T04:00:00Z,48471,47.314851
46.16,47.14,45.755,272,46.38,2024-07-29T04:00:00Z,30222,46.245362
47.545,49.055,45.665,525,45.8,2024-07-30T04:00:00Z,62832,47.418084
46.48,46.505,44.695,433,46.17,2024-07-31T04:00:00Z,41113,45.616244
50.325,52.04,45.88,894,46.13,2024-08-01T04:00:00Z,83544,49.78209
62.805,64.38,53.98,3795,54.58,2024-08-02T04:00:00Z,479585,60.862712
89.05,91.02,72.52,3905,90.08,2024-08-05T04:00:00Z,530538,81.715477
71.59,80.34,62.06,2959,77.66,2024-08-06T04:00:00Z,324531,69.760154
69.09,71.725,60.4,2040,61.91,2024-08-07T04:00:00Z,208256,64.827014
63.51,67.06,62.66,1037,65.185,2024-08-08T04:00:00Z,96285,64.454949
55.14,64.01,54.59,1581,63.11,2024-08-09T04:00:00Z,146988,58.429355
54.81,56.13,51.26,1134,54.92,2024-08-12T04:00:00Z,99693,53.785423
50.36,53.39,50.355,941,53.325,2024-08-13T04:00:00Z,73673,51.905533
47.12,49.79,47.07,716,49.46,2024-08-14T04:00:00Z,45650,48.335544
45.34,46.45,44.71,656,45.905,2024-08-15T04:00:00Z,75647,45.559815
45.24,46.36,45.02,309,46.12,2024-08-16T04:00:00Z,23234,45.620724
44.32,45.37,44.07,498,45.23,2024-08-19T04:00:00Z,45214,44.435259
46.215,46.42,44.54,755,44.65,2024-08-20T04:00:00Z,57383,45.595743
46.77,47.95,46.01,815,46.43,2024-08-21T04:00:00Z,81202,46.886745
48.98,49.155,46.29,755,46.41,2024-08-22T04:00:00Z,62984,47.824764
45.94,48.1,45.77,874,47.61,2024-08-23T04:00:00Z,70126,46.823284
45.95,47.0,45.67,522,45.68,2024-08-26T04:00:00Z,38957,46.216732
44.99,46.89,44.98,494,46.58,2024-08-27T04:00:00Z,38771,45.66097
47.52,48.17,44.92,673,45.12,2024-08-28T04:00:00Z,62526,46.67723
45.85,46.5,45.17,777,46.04,2024-08-29T04:00:00Z,69736,45.748477
44.65,45.94,44.36,782,45.06,2024-08-30T04:00:00Z,73673,44.899383
53.57,55.13,45.61,732,45.61,2024-09-03T04:00:00Z,67554,51.468092
54.67,56.2,51.26,1125,55.0,2024-09-04T04:00:00Z,102312,53.964906
52.34,54.63,51.45,1748,53.89,2024-09-05T04:00:00Z,104402,52.918806
56.26,58.53,50.76,1545,51.21,2024-09-06T04:00:00Z,129832,55.532028
52.48,55.54,51.955,1538,55.0,2024-09-09T04:00:00Z,123075,53.50391
51.53,54.79,51.41,922,51.92,2024-09-10T04:00:00Z,74072,52.717895
49.3,55.68,49.295,1510,50.8,2024-09-11T04:00:00Z,125718,52.135434
48.9,51.02,48.9,1034,49.83,2024-09-12T04:00:00Z,77668,49.571077
48.81,49.3,47.72,914,49.3,2024-09-13T04:00:00Z,73048,48.457298
49.36,50.4,49.03,782,49.06,2024-09-16T04:00:00Z,61645,49.579732
50.35,51.06,48.81,1108,49.19,2024-09-17T04:00:00Z,91946,49.918633
49.87,50.93,47.71,1284,50.05,2024-09-18T04:00:00Z,121598,49.678464
47.76,48.68,47.38,880,48.11,2024-09-19T04:00:00Z,67490,48.138741
47.55,48.24,46.93,825,48.03,2024-09-20T04:00:00Z,66195,47.568568
47.69,48.11,46.65,519,47.12,2024-09-23T04:00:00Z,39206,47.54611
47.78,49.29,47.18,595,47.49,2024-09-24T04:00:00Z,43564,47.877126
48.48,48.56,47.45,654,48.16,2024-09-25T04:00:00Z,50704,47.974102
48.46,48.89,48.02,693,48.13,2024-09-26T04:00:00Z,54781,48.450185
50.75,50.75,48.37,786,48.4,2024-09-27T04:00:00Z,89820,49.589139
49.6,52.15,49.545,1151,50.955,2024-09-30T04:00:00Z,95753,50.80465
53.45,54.06,49.63,4489,49.65,2024-10-01T04:00:00Z,313706,52.733341
52.79,55.06,52.43,967,53.65,2024-10-02T04:00:00Z,73710,53.321809
54.92,55.29,53.01,1338,53.96,2024-10-03T04:00:00Z,105074,54.401461
53.04,54.66,52.77,1973,53.77,2024-10-04T04:00:00Z,92626,53.63534
57.72,58.12,53.86,1633,53.96,2024-10-07T04:00:00Z,129969,55.918762
55.46,56.35,54.69,1139,55.71,2024-10-08T04:00:00Z,98976,55.357363
54.04,55.24,53.72,1077,55.11,2024-10-09T04:00:00Z,90062,54.169739
54.63,55.435,54.19,1024,54.35,2024-10-10T04:00:00Z,72079,54.813887
54.06,54.81,53.65,935,54.74,2024-10-11T04:00:00Z,81990,54.210696
52.13,53.48,51.6,621,53.37,2024-10-14T04:00:00Z,52071,52.321708
53.91,54.04,50.88,1927,51.21,2024-10-15T04:00:00Z,161285,52.831667
53.32,54.57,52.97,636,53.72,2024-10-16T04:00:00Z,58425,53.697341
52.46,53.48,52.36,551,52.9,2024-10-17T04:00:00Z,37228,52.799275
51.19,52.34,51.14,931,52.05,2024-10-18T04:00:00Z,54391,51.52647
51.35,52.68,51.12,691,51.62,2024-10-21T04:00:00Z,50811,52.000165
51.14,52.56,50.82,716,52.25,2024-10-22T04:00:00Z,56382,51.849433
53.71,54.98,51.63,1191,51.79,2024-10-23T04:00:00Z,106357,53.255645
52.85,55.25,52.48,672,52.75,2024-10-24T04:00:00Z,57984,53.55566
55.29,55.36,51.72,827,52.01,2024-10-25T04:00:00Z,69273,53.39978
52.55,53.16,52.08,615,53.14,2024-10-28T04:00:00Z,51310,52.493429
52.43,53.19,51.71,623,52.79,2024-10-29T04:00:00Z,40283,52.197648
53.74,53.89,52.13,689,52.96,2024-10-30T04:00:00Z,57274,53.079635
57.9,57.95,55.16,1902,55.22,2024-10-31T04:00:00Z,152676,56.686766
56.77,57.05,54.975,996,56.5,2024-11-01T04:00:00Z,93979,55.933096
54.39,56.63,54.16,1126,56.36,2024-11-04T05:00:00Z,99945,54.854518
51.59,53.68,51.46,1758,53.68,2024-11-05T05:00:00Z,185251,52.018279
46.44,48.46,46.065,1389,46.26,2024-11-06T05:00:00Z,131316,46.674911
44.94,45.67,44.85,1071,45.67,2024-11-07T05:00:00Z,121484,45.123846
44.805,45.61,44.58,893,44.86,2024-11-08T05:00:00Z,60428,45.104776
44.68,44.74,43.94,627,44.36,2024-11-11T05:00:00Z,49983,44.267939
44.54,45.63,44.37,771,44.86,2024-11-12T05:00:00Z,60233,44.892315
43.515,44.78,43.37,715,44.24,2024-11-13T05:00:00Z,59350,43.840639
43.495,43.81,42.78,866,42.955,2024-11-14T05:00:00Z,64832,43.362919
46.44,48.63,43.98,2189,44.25,2024-11-15T05:00:00Z,176104,46.614458
44.89,46.57,44.25,1052,46.33,2024-11-18T05:00:00Z,92186,44.918143
46.51,47.61,45.25,1416,47.53,2024-11-19T05:00:00Z,105219,46.398083
48.055,49.81,46.54,2216,46.54,2024-11-20T05:00:00Z,174803,48.758166
47.605,49.26,46.5,1556,46.64,2024-11-21T05:00:00Z,123970,47.981893
45.76,47.56,45.73,1473,47.06,2024-11-22T05:00:00Z,117033,46.414336
44.05,46.18,44.05,912,44.31,2024-11-25T05:00:00Z,72635,44.819547
43.64,44.045,43.235,625,44.045,2024-11-26T05:00:00Z,57798,43.557151
43.4,44.805,43.38,392,43.51,2024-11-27T05:00:00Z,26487,44.023645
42.64,43.02,42.43,400,43.02,2024-11-29T05:00:00Z,33055,42.666947
42.33,42.71,42.15,582,42.62,2024-12-02T05:00:00Z,47593,42.439601
41.96,43.23,41.74,494,42.74,2024-12-03T05:00:00Z,38403,42.375027
42.27,42.31,41.37,831,41.68,2024-12-04T05:00:00Z,64161,41.897343
42.47,42.69,42.12,633,42.68,2024-12-05T05:00:00Z,65209,42.349114
41.69,42.16,41.48,722,41.58,2024-12-06T05:00:00Z,56826,41.848444
42.75,43.03,41.6,845,41.7,2024-12-09T05:00:00Z,62386,42.36856
42.63,42.84,42.04,638,42.44,2024-12-10T05:00:00Z,52478,42.418384
42.14,42.31,41.38,659,41.54,2024-12-11T05:00:00Z,48692,41.860805
42.48,42.88,41.86,976,42.25,2024-12-12T05:00:00Z,75444,42.368019
42.495,43.02,41.76,600,41.87,2024-12-13T05:00:00Z,49237,42.346578
43.31,43.42,42.42,841,42.53,2024-12-16T05:00:00Z,67684,42.778714
44.28,44.49,43.3,1489,43.84,2024-12-17T05:00:00Z,105412,43.924876
51.81,51.81,43.4,2184,43.95,2024-12-18T05:00:00Z,174000,47.653807
56.48,56.82,48.91,4968,49.285,2024-12-19T05:00:00Z,549459,51.206459
48.01,55.91,47.65,3835,55.73,2024-12-20T05:00:00Z,319609,50.622949
48.32,48.7,46.88,190,47.02,2024-12-23T05:00:00Z,15143,47.917494
42.3,43.95,42.22,996,43.86,2024-12-24T05:00:00Z,75702,43.256341
42.45,44.0,42.28,926,42.795,2024-12-26T05:00:00Z,73036,42.987054
44.535,46.66,43.13,1496,43.33,2024-12-27T05:00:00Z,105057,45.038639
45.5,48.46,44.21,1879,46.99,2024-12-30T05:00:00Z,109465,46.031669
45.67,46.26,44.45,549,44.805,2024-12-31T05:00:00Z,41797,45.383695
46.92,48.98,44.87,1020,45.11,2025-01-02T05:00:00Z,75157,46.799603
44.13,46.27,44.13,1142,45.76,2025-01-03T05:00:00Z,92301,45.05839
43.9,44.87,43.32,1119,43.89,2025-01-06T05:00:00Z,91333,43.811337
46.67,47.36,43.46,1356,43.64,2025-01-07T05:00:00Z,110860,45.497414
46.28,48.6,46.03,1769,47.15,2025-01-08T05:00:00Z,128807,47.139963
49.46,50.45,47.6,1590,48.08,2025-01-10T05:00:00Z,132886,49.161866
48.5,51.47,48.13,2112,51.24,2025-01-13T05:00:00Z,152462,50.170234
47.44,48.87,46.43,1417,47.51,2025-01-14T05:00:00Z,84216,47.516052
43.57,45.15,43.43,1506,45.04,2025-01-15T05:00:00Z,134442,44.369346
43.62,43.9,43.12,972,43.54,2025-01-16T05:00:00Z,113347,43.427015
43.91,43.91,42.92,942,42.92,2025-01-17T05:00:00Z,81386,43.436636
42.08,43.365,41.99,1779,43.01,2025-01-21T05:00:00Z,138870,42.424972
42.66,42.85,42.02,906,42.07,2025-01-22T05:00:00Z,74786,42.438941
41.97,42.4,41.71,1330,42.35,2025-01-23T05:00:00Z,126930,42.030316
41.7,42.09,41.465,710,41.64,2025-01-24T05:00:00Z,56616,41.771736
44.46,46.9,43.98,3502,46.84,2025-01-27T05:00:00Z,307862,45.158485
43.01,45.17,42.76,1132,44.32,2025-01-28T05:00:00Z,98054,43.296927
42.85,44.53,42.69,768,42.82,2025-01-29T05:00:00Z,63928,43.325205
42.67,43.24,42.195,836,42.29,2025-01-30T05:00:00Z,74189,42.501159
44.13,44.69,41.94,1408,42.32,2025-01-31T05:00:00Z,138171,43.074196
45.01,48.19,43.5,3662,47.2,2025-02-03T05:00:00Z,322227,45.492216
43.71,44.98,43.42,1216,44.53,2025-02-04T05:00:00Z,94145,43.880179
42.8,44.25,42.71,1118,43.91,2025-02-05T05:00:00Z,89814,43.216615
42.52,43.31,42.37,977,42.62,2025-02-06T05:00:00Z,78273,42.680226
44.09,44.1,42.15,1533,42.24,2025-02-07T05:00:00Z,142485,43.305475
42.85,43.58,42.84,724,43.13,2025-02-10T05:00:00Z,56914,43.110421
43.0,43.32,42.56,1015,43.18,2025-02-11T05:00:00Z,95152,42.89709
42.84,44.26,42.64,1362,43.99,2025-02-12T05:00:00Z,114910,43.20095
42.08,43.27,42.07,1435,42.7,2025-02-13T05:00:00Z,129525,42.595616
41.98,42.47,41.83,1065,42.07,2025-02-14T05:00:00Z,91760,42.149403
41.78,42.16,41.46,1277,41.72,2025-02-18T05:00:00Z,125099,41.792505
41.315,42.18,41.3,1257,42.11,2025-02-19T05:00:00Z,102947,41.685479
41.52,42.22,41.05,1570,41.33,2025-02-20T05:00:00Z,126885,41.737908
44.51,44.86,41.615,4180,41.71,2025-02-21T05:00:00Z,522520,43.93865
44.77,45.75,43.09,1867,43.7,2025-02-24T05:00:00Z,168956,44.202406
44.88,47.0,44.03,3468,45.01,2025-02-25T05:00:00Z,315625,45.320131
44.18,45.42,43.04,1526,44.595,2025-02-26T05:00:00Z,131518,44.008661
46.66,46.785,43.27,1960,43.56,2025-02-27T05:00:00Z,204753,45.646408
45.645,48.12,45.4,1332,47.045,2025-02-28T05:00:00Z,126675,46.803562
49.56,50.75,44.87,2641,44.87,2025-03-03T05:00:00Z,210841,47.87217
50.56,54.42,48.33,3762,51.73,2025-03-04T05:00:00Z,404857,50.914247
48.415,51.72,48.275,4847,50.34,2025-03-05T05:00:00Z,579453,49.837378
53.78,53.9,50.23,3496,51.57,2025-03-06T05:00:00Z,293236,52.074944
51.19,55.33,51.02,1485,53.61,2025-03-07T05:00:00Z,126825,52.91356
56.96,57.85,53.6,3929,54.24,2025-03-10T04:00:00Z,330440,55.516126
56.795,60.26,56.02,1848,57.33,2025-03-11T04:00:00Z,176870,57.867078
53.98,57.39,53.54,2443,54.8,2025-03-12T04:00:00Z,186849,55.273743
56.38,57.55,53.25,3408,54.5,2025-03-13T04:00:00Z,274485,55.241919
51.365,54.71,51.29,2822,54.37,2025-03-14T04:00:00Z,223135,52.810326
49.58,50.9,49.23,2273,50.85,2025-03-17T04:00:00Z,189883,49.856481
50.93,51.63,49.55,3336,49.55,2025-03-18T04:00:00Z,413877,50.819133
49.15,50.78,48.0,1522,50.3,2025-03-19T04:00:00Z,121464,49.147585
48.33,50.3,47.9,1421,50.1,2025-03-20T04:00:00Z,106275,48.772154
48.38,49.95,48.12,1540,49.57,2025-03-21T04:00:00Z,176879,49.167328
45.18,46.73,45.18,1863,46.56,2025-03-24T04:00:00Z,187772,45.978404
45.54,45.78,44.9,1206,44.9,2025-03-25T04:00:00Z,129071,45.347321
46.99,47.98,45.04,1898,45.04,2025-03-26T04:00:00Z,150804,46.934489
47.32,48.42,46.63,1265,47.65,2025-03-27T04:00:00Z,83112,47.334687
51.59,51.68,47.47,2633,48.09,2025-03-28T04:00:00Z,187564,50.333753
51.51,55.23,50.85,2111,54.41,2025-03-31T04:00:00Z,160154,52.614391
51.5,54.0,50.7,1767,52.12,2025-04-01T04:00:00Z,131166,51.955305
49.98,53.64,49.18,2694,53.58,2025-04-02T04:00:00Z,141579,50.733493
62.49,62.61,55.94,5190,57.68,2025-04-03T04:00:00Z,428451,58.915361
74.87,76.455,66.78,7620,69.98,2025-04-04T04:00:00Z,823819,71.982545
74.91,84.73,68.475,7140,82.17,2025-04-07T04:00:00Z,627217,77.128694
84.42,90.95,67.31,4120,67.72,2025-04-08T04:00:00Z,343586,77.828051
66.87,89.12,63.41,6168,87.12,2025-04-09T04:00:00Z,564887,74.723047
79.63,87.01,69.95,4755,71.69,2025-04-10T04:00:00Z,472173,79.773563
77.52,85.79,76.87,4430,80.91,2025-04-11T04:00:00Z,355713,80.702125
68.58,75.66,68.1,2620,70.4,2025-04-14T04:00:00Z,214180,70.852523
67.94,69.33,65.72,1910,68.6,2025-04-15T04:00:00Z,202131,67.510943
73.77,75.24,68.44,1807,70.41,2025-04-16T04:00:00Z,166209,72.387612
71.47,73.09,71.09,1297,71.41,2025-04-17T04:00:00Z,116232,71.703123
75.8,77.62,72.13,1284,72.25,2025-04-21T04:00:00Z,124832,75.596367
71.03,73.44,70.59,1461,73.14,2025-04-22T04:00:00Z,131697,71.67526
68.24,70.75,66.43,1288,67.51,2025-04-23T04:00:00Z,131686,68.213788
65.85,67.98,65.63,1265,67.755,2025-04-24T04:00:00Z,134808,66.506859
63.24,67.0,63.21,1663,65.9,2025-04-25T04:00:00Z,144832,64.339372
63.73,66.1,62.39,1301,62.39,2025-04-28T04:00:00Z,121959,64.287499
63.045,64.59,62.79,920,64.29,2025-04-29T04:00:00Z,72074,63.354428
64.49,68.38,64.05,1215,65.46,2025-04-30T04:00:00Z,102287,66.070453
63.48,64.58,62.57,814,62.85,2025-05-01T04:00:00Z,71926,63.281168
60.84,62.63,60.8,901,62.32,2025-05-02T04:00:00Z,71093,61.529184
62.36,62.62,60.98,781,62.06,2025-05-05T04:00:00Z,56083,61.603311
64.57,64.76,62.74,627,63.85,2025-05-06T04:00:00Z,48129,63.662018
62.71,64.85,62.52,1086,63.97,2025-05-07T04:00:00Z,91962,63.41856
60.45,62.16,59.92,931,61.68,2025-05-08T04:00:00Z,74651,60.615529
59.95,60.61,59.35,704,59.82,2025-05-09T04:00:00Z,59815,59.958145
52.13,55.43,52.11,1428,55.34,2025-05-12T04:00:00Z,120549,53.681155
51.795,51.865,50.33,956,51.32,2025-05-13T04:00:00Z,111508,51.101815
52.89,53.1,51.82,716,51.91,2025-05-14T04:00:00Z,63392,52.435047
52.13,53.89,52.04,745,53.3,2025-05-15T04:00:00Z,57271,52.651285
51.83,52.28,51.27,1373,51.64,2025-05-16T04:00:00Z,187410,51.84758
52.5,54.16,52.1,814,54.12,2025-05-19T04:00:00Z,63261,52.765152
51.96,53.35,51.88,2259,52.35,2025-05-20T04:00:00Z,205044,52.459718
55.65,56.375,52.18,2081,53.27,2025-05-21T04:00:00Z,189791,54.730338
55.09,56.12,54.24,819,55.955,2025-05-22T04:00:00Z,67198,54.841807
58.84,59.31,56.95,1217,59.1,2025-05-23T04:00:00Z,124232,58.358999
52.87,55.58,52.86,1973,55.06,2025-05-27T04:00:00Z,207709,53.915003
53.43,53.85,52.79,432,52.79,2025-05-28T04:00:00Z,27818,53.252406
53.56,54.15,52.11,460,52.15,2025-05-29T04:00:00Z,36846,53.396029
53.9,55.95,53.29,904,54.43,2025-05-30T04:00:00Z,79054,54.338732
53.21,54.735,53.21,466,54.34,2025-06-02T04:00:00Z,33452,53.78384
52.02,53.14,51.93,427,53.06,2025-06-03T04:00:00Z,32557,52.341029
51.88,52.38,51.8,297,51.94,2025-06-04T04:00:00Z,22692,52.003507
53.02,53.49,50.6,983,51.75,2025-06-05T04:00:00Z,78707,52.140407
50.76,51.61,50.67,537,51.6,2025-06-06T04:00:00Z,43828,51.077307
50.32,50.72,49.86,500,50.53,2025-06-09T04:00:00Z,41345,50.232437
50.09,50.45,49.79,756,50.205,2025-06-10T04:00:00Z,59121,50.003534
50.49,51.28,48.71,921,49.37,2025-06-11T04:00:00Z,73730,49.80387
51.15,51.48,50.29,810,51.26,2025-06-12T04:00:00Z,63168,50.944784
55.27,55.9,52.25,2860,53.605,2025-06-13T04:00:00Z,253409,54.18941
51.48,52.93,50.86,1254,52.93,2025-06-16T04:00:00Z,95007,51.482983
54.27,55.14,51.94,2623,52.08,2025-06-17T04:00:00Z,302002,53.596831
52.79,54.74,51.89,1015,54.29,2025-06-18T04:00:00Z,81614,53.306046
53.58,54.17,52.14,1102,52.295,2025-06-20T04:00:00Z,69484,53.203389
52.71,55.55,52.63,1377,53.325,2025-06-23T04:00:00Z,150484,53.325564
49.17,50.04,49.15,947,50.025,2025-06-24T04:00:00Z,76759,49.533633
48.61,49.36,48.51,777,48.58,2025-06-25T04:00:00Z,61411,48.831684
48.25,48.48,48.03,699,48.46,2025-06-26T04:00:00Z,102569,48.255165
48.27,49.11,47.92,669,47.94,2025-06-27T04:00:00Z,47172,48.490379
48.01,48.44,47.7,1407,47.7,2025-06-30T04:00:00Z,118933,48.05354
48.01,48.38,47.55,2033,48.38,2025-07-01T04:00:00Z,193910,47.912882
47.89,48.16,47.45,1693,47.99,2025-07-02T04:00:00Z,131174,47.746867
47.47,47.62,46.81,1178,47.0,2025-07-03T04:00:00Z,98264,47.199926
48.11,48.97,47.82,941,48.09,2025-07-07T04:00:00Z,86879,48.278686
46.89,47.3,46.56,965,47.12,2025-07-08T04:00:00Z,76813,46.927575
45.29,46.19,45.23,1105,45.74,2025-07-09T04:00:00Z,93010,45.599494
44.91,45.38,44.78,1080,45.01,2025-07-10T04:00:00Z,83259,45.035121
45.18,46.02,44.71,841,45.93,2025-07-11T04:00:00Z,72369,45.117735
45.87,45.93,45.365,1261,45.69,2025-07-14T04:00:00Z,112516,45.726843
45.61,45.66,44.84,1062,44.905,2025-07-15T04:00:00Z,124964,45.205758
45.92,48.08,45.23,1630,45.42,2025-07-16T04:00:00Z,179230,46.438374
45.805,45.94,45.45,801,45.74,2025-07-17T04:00:00Z,67824,45.689356
45.05,45.64,45.05,914,45.21,2025-07-18T04:00:00Z,83183,45.322475
44.815,44.86,43.91,1814,44.64,2025-07-21T04:00:00Z,184768,44.323732
44.645,45.73,44.44,1255,44.825,2025-07-22T04:00:00Z,113818,44.904089
42.8,44.34,42.72,2405,43.93,2025-07-23T04:00:00Z,227398,43.339276
42.66,42.8,42.17,1709,42.515,2025-07-24T04:00:00Z,137201,42.468138
42.28,42.81,42.235,983,42.77,2025-07-25T04:00:00Z,88331,42.398858
41.16,41.74,41.14,2200,41.41,2025-07-28T04:00:00Z,188300,41.422165
42.12,42.33,40.47,2394,40.67,2025-07-29T04:00:00Z,214796,41.484729
42.31,42.98,41.57,2424,41.96,2025-07-30T04:00:00Z,202023,42.208294
42.42,42.755,41.11,3030,41.38,2025-07-31T04:00:00Z,271671,41.864982
46.02,46.93,44.49,5923,44.52,2025-08-01T04:00:00Z,527759,45.850193
42.92,44.74,42.88,2061,44.63,2025-08-04T04:00:00Z,180705,43.490537
43.26,44.51,42.67,2021,42.72,2025-08-05T04:00:00Z,193204,43.409709
41.93,43.46,41.88,2104,43.09,2025-08-06T04:00:00Z,189911,42.39345
42.19,42.86,41.22,1575,41.315,2025-08-07T04:00:00Z,132889,42.24134
40.77,41.64,40.76,2318,41.55,2025-08-08T04:00:00Z,206876,41.193333
40.99,41.21,40.37,1641,40.66,2025-08-11T04:00:00Z,145802,40.727028
39.24,40.29,39.205,2411,40.22,2025-08-12T04:00:00Z,254995,39.583318
39.05,39.31,38.67,2249,38.7,2025-08-13T04:00:00Z,162217,38.972528
39.12,39.805,38.94,1464,39.74,2025-08-14T04:00:00Z,133537,39.275731
39.015,39.35,38.78,2023,38.945,2025-08-15T04:00:00Z,182797,39.063012
38.08,38.97,37.89,2032,38.965,2025-08-18T04:00:00Z,190653,38.246991
38.815,39.02,37.65,4541,37.68,2025-08-19T04:00:00Z,325510,38.518256
38.64,40.07,38.5,3746,38.97,2025-08-20T04:00:00Z,312748,39.383403
39.23,39.8,38.86,2451,39.16,2025-08-21T04:00:00Z,205113,39.242691
36.0,39.06,36.0,6048,39.055,2025-08-22T04:00:00Z,648307,36.869488
36.1,36.58,35.86,1669,36.37,2025-08-25T04:00:00Z,162898,36.076667
35.85,36.42,35.825,1398,36.34,2025-08-26T04:00:00Z,127744,36.016689
35.99,36.48,35.82,1584,36.01,2025-08-27T04:00:00Z,148617,36.048751
35.49,36.04,35.37,1575,35.49,2025-08-28T04:00:00Z,149816,35.603017
36.26,36.58,35.3,2758,35.36,2025-08-29T04:00:00Z,247473,36.140072
37.4,38.94,37.35,3859,38.18,2025-09-02T04:00:00Z,371563,38.044362
36.48,37.25,36.45,2882,37.175,2025-09-03T04:00:00Z,280440,36.768007
35.38,36.32,35.34,2700,36.26,2025-09-04T04:00:00Z,284145,35.719901
35.44,36.48,34.51,4651,34.515,2025-09-05T04:00:00Z,346498,35.668747
34.815,35.19,34.73,1853,35.115,2025-09-08T04:00:00Z,129706,34.937128
34.625,35.41,34.6,2522,34.95,2025-09-09T04:00:00Z,202276,34.989495
34.48,34.75,34.085,1999,34.175,2025-09-10T04:00:00Z,182707,34.401598
33.665,34.09,33.645,1581,33.92,2025-09-11T04:00:00Z,185009,33.840131
33.605,33.745,33.25,1263,33.655,2025-09-12T04:00:00Z,125183,33.450311
33.94,34.02,33.25,2013,33.285,2025-09-15T04:00:00Z,246421,33.706706
34.52,34.6,33.97,2352,34.07,2025-09-16T04:00:00Z,218919,34.229643
33.28,34.27,32.81,4440,34.25,2025-09-17T04:00:00Z,252739,33.590831
33.145,33.295,32.645,1508,32.745,2025-09-18T04:00:00Z,176342,32.988076
33.185,33.66,32.95,1255,32.95,2025-09-19T04:00:00Z,141092,33.259639
33.775,33.8,33.22,1111,33.51,2025-09-22T04:00:00Z,125417,33.438531
34.31,34.75,33.68,2502,33.68,2025-09-23T04:00:00Z,238384,34.267541
33.805,34.83,33.78,1551,33.99,2025-09-24T04:00:00Z,176147,34.241261
34.32,34.86,33.51,2603,34.525,2025-09-25T04:00:00Z,245782,34.195996
32.865,34.43,32.865,1961,34.045,2025-09-26T04:00:00Z,227392,33.55987
33.295,33.52,32.74,1921,32.74,2025-09-29T04:00:00Z,177490,33.200269
33.15,33.59,33.04,2208,33.51,2025-09-30T04:00:00Z,185517,33.316659
32.96,33.475,32.87,1919,33.445,2025-10-01T04:00:00Z,186440,33.078786
33.43,33.48,32.785,2172,32.82,2025-10-02T04:00:00Z,231487,33.21766
33.23,33.71,33.085,2079,33.2,2025-10-03T04:00:00Z,272311,33.312839
33.05,33.52,33.015,1145,33.12,2025-10-06T04:00:00Z,127187,33.255203
33.78,34.005,32.86,1492,32.96,2025-10-07T04:00:00Z,167759,33.535419
33.2,33.81,33.115,1055,33.61,2025-10-08T04:00:00Z,113065,33.329275
33.26,33.81,32.96,1237,33.055,2025-10-09T04:00:00Z,133515,33.363523
37.48,37.87,33.01,7406,33.31,2025-10-10T04:00:00Z,925484,36.306346
34.61,35.65,34.42,2486,35.49,2025-10-13T04:00:00Z,257029,34.885405
36.05,37.8,34.98,3241,36.685,2025-10-14T04:00:00Z,345721,36.188251
36.515,37.46,35.01,2835,35.22,2025-10-15T04:00:00Z,312307,36.155249
40.0,40.24,36.08,4907,36.14,2025-10-16T04:00:00Z,676221,39.339565
36.87,40.81,36.77,5956,39.35,2025-10-17T04:00:00Z,474195,38.746605
33.97,35.81,33.91,2732,35.8,2025-10-20T04:00:00Z,334339,34.37185
33.66,34.83,33.465,1859,34.31,2025-10-21T04:00:00Z,188640,33.934386
34.19,36.0,33.78,3848,33.94,2025-10-22T04:00:00Z,435111,34.687104
33.48,34.55,33.42,1532,34.37,2025-10-23T04:00:00Z,205778,33.741271
33.07,33.26,32.59,2066,32.67,2025-10-24T04:00:00Z,216326,32.964732
32.025,32.4,31.85,3131,32.06,2025-10-27T04:00:00Z,234607,32.190912
32.935,32.995,32.03,1604,32.04,2025-10-28T04:00:00Z,182847,32.601404
33.53,33.56,32.49,1532,32.71,2025-10-29T04:00:00Z,180246,32.867445
33.84,33.885,32.77,1945,33.34,2025-10-30T04:00:00Z,215926,33.391796
33.975,34.67,33.05,3499,33.08,2025-10-31T04:00:00Z,330955,33.995525
33.67,34.71,33.44,1846,33.55,2025-11-03T05:00:00Z,145870,33.921855
34.91,35.29,34.08,2233,35.0,2025-11-04T05:00:00Z,174638,34.742046
33.59,34.99,33.22,2064,34.99,2025-11-05T05:00:00Z,149265,33.710449
35.01,35.45,33.72,3340,33.87,2025-11-06T05:00:00Z,269415,34.892638
34.7,37.05,34.7,5841,35.98,2025-11-07T05:00:00Z,396251,36.124723
32.86,33.555,32.77,1799,33.36,2025-11-10T05:00:00Z,190548,33.042325
32.73,32.96,32.58,1708,32.885,2025-11-11T05:00:00Z,166701,32.731543
32.96,33.29,32.51,1298,32.53,2025-11-12T05:00:00Z,142326,32.869811
35.22,35.75,33.04,4214,33.32,2025-11-13T05:00:00Z,446988,34.667175
34.53,36.76,33.98,3538,36.22,2025-11-14T05:00:00Z,342686,35.168883
36.385,36.87,34.29,1832,35.2,2025-11-17T05:00:00Z,204122,35.567827
37.705,38.63,36.34,4787,37.44,2025-11-18T05:00:00Z,543888,37.459792
36.75,38.0,35.87,2493,37.58,2025-11-19T05:00:00Z,274548,37.052572
39.5,39.645,34.1,8953,34.34,2025-11-20T05:00:00Z,1145869,37.924753
37.26,40.52,36.91,6320,38.43,2025-11-21T05:00:00Z,687799,38.739966
34.6,36.84,34.575,3148,36.785,2025-11-24T05:00:00Z,305856,35.174733
33.65,35.995,33.6,4218,34.66,2025-11-25T05:00:00Z,249498,34.453199
32.76,33.42,32.58,3532,33.28,2025-11-26T05:00:00Z,226587,32.896007
32.08,32.65,32.07,1848,32.61,2025-11-28T05:00:00Z,128695,32.338968
32.07,32.77,31.615,1798,32.76,2025-12-01T05:00:00Z,196409,32.122703
31.56,32.01,31.5,1946,31.73,2025-12-02T05:00:00Z,139051,31.692205
31.41,31.95,31.305,878,31.95,2025-12-03T05:00:00Z,93864,31.506847
31.04,31.62,31.02,1350,31.195,2025-12-04T05:00:00Z,123449,31.283147
30.68,31.15,30.665,1405,30.95,2025-12-05T05:00:00Z,140885,30.803362
31.08,31.48,30.67,1330,30.68,2025-12-08T05:00:00Z,149320,31.025862
31.195,31.29,30.78,1046,31.25,2025-12-09T05:00:00Z,109393,30.998123
30.0,31.54,29.89,1318,31.275,2025-12-10T05:00:00Z,153085,30.575043
29.48,30.84,29.46,1234,30.3,2025-12-11T05:00:00Z,154989,29.920215
29.54,30.9,29.12,2827,29.36,2025-12-12T05:00:00Z,328926,29.862436
29.535,30.23,29.16,2341,29.235,2025-12-15T05:00:00Z,235581,29.700209
29.46,30.2,29.255,3000,29.61,2025-12-16T05:00:00Z,287252,29.685741
29.95,30.05,29.05,1364,29.335,2025-12-17T05:00:00Z,142440,29.69195
28.97,29.66,28.78,1795,29.24,2025-12-18T05:00:00Z,209563,29.159007
27.84,28.66,27.81,1620,28.66,2025-12-19T05:00:00Z,176424,28.112531
27.0,27.46,26.94,2291,27.35,2025-12-22T05:00:00Z,536677,27.073079
27.09,27.145,26.9,1162,27.145,2025-12-23T05:00:00Z,217291,26.986986
27.03,27.14,26.875,796,27.01,2025-12-24T05:00:00Z,104381,26.98394
26.995,27.29,26.895,1172,26.9,2025-12-26T05:00:00Z,130253,27.051515
26.67,27.22,26.435,1692,27.215,2025-12-29T05:00:00Z,194165,26.817853
26.32,26.585,26.16,1560,26.585,2025-12-30T05:00:00Z,196063,26.30773
26.55,26.67,26.1,1158,26.3,2025-12-31T05:00:00Z,135407,26.42705
26.055,26.52,25.93,1394,26.08,2026-01-02T05:00:00Z,144300,26.194035
26.36,26.36,25.785,1774,25.88,2026-01-05T05:00:00Z,197864,26.123349
26.05,26.37,25.96,1815,26.3,2026-01-06T05:00:00Z,217266,26.093818
26.44,26.59,26.18,1550,26.21,2026-01-07T05:00:00Z,180895,26.35773
26.18,26.605,26.025,1050,26.56,2026-01-08T05:00:00Z,120555,26.255166
25.785,26.4,25.64,1987,26.1,2026-01-09T05:00:00Z,222186,25.887685
25.84,26.26,25.785,1450,26.24,2026-01-12T05:00:00Z,170590,25.92903
26.475,26.725,25.71,3036,25.77,2026-01-13T05:00:00Z,420525,26.250903
27.1,27.84,26.88,4522,27.11,2026-01-14T05:00:00Z,649503,27.482148
26.32,26.48,26.03,2291,26.255,2026-01-15T05:00:00Z,298284,26.2301
26.46,26.64,26.06,1840,26.23,2026-01-16T05:00:00Z,259685,26.255162
29.46,29.87,27.7,6704,28.76,2026-01-20T05:00:00Z,887294,28.859664
26.695,28.54,26.4,5705,28.185,2026-01-21T05:00:00Z,770632,27.386099
26.05,26.69,26.0,4781,26.31,2026-01-22T05:00:00Z,280870,26.295337
26.57,26.6,25.84,1955,26.36,2026-01-23T05:00:00Z,220229,26.242653
26.51,26.605,26.14,2392,26.475,2026-01-26T05:00:00Z,271398,26.392951
26.915,26.925,26.25,1325,26.475,2026-01-27T05:00:00Z,173238,26.552837
26.915,27.3,26.55,3332,26.815,2026-01-28T05:00:00Z,360451,26.938494
27.195,28.77,27.11,3767,27.32,2026-01-29T05:00:00Z,436877,27.950526
27.515,27.87,26.77,2325,27.435,2026-01-30T05:00:00Z,255952,27.377133
26.15,27.29,26.02,2288,27.285,2026-02-02T05:00:00Z,243970,26.360881
27.22,28.45,26.2,5761,26.3,2026-02-03T05:00:00Z,506817,27.318349
27.68,28.83,26.95,4285,27.08,2026-02-04T05:00:00Z,457682,27.912805
29.34,29.76,28.07,3941,28.77,2026-02-05T05:00:00Z,460527,29.086042
27.565,28.575,27.345,2192,28.505,2026-02-06T05:00:00Z,225605,27.670109
26.585,27.59,26.52,1611,27.46,2026-02-09T05:00:00Z,211146,26.814713
27.16,27.19,26.54,1757,26.68,2026-02-10T05:00:00Z,193331,26.872787
27.11,27.75,26.49,1754,26.55,2026-02-11T05:00:00Z,186587,27.042854
28.84,28.89,26.7,3220,26.845,2026-02-12T05:00:00Z,423584,28.263225
29.225,29.73,27.79,3837,28.825,2026-02-13T05:00:00Z,416249,28.874562
28.245,30.2,28.09,2872,29.475,2026-02-17T05:00:00Z,313692,28.887846
28.26,28.63,27.64,1950,28.33,2026-02-18T05:00:00Z,251065,27.989268
29.035,29.53,28.76,1548,29.01,2026-02-19T05:00:00Z,168915,29.175282
28.31,29.55,28.03,2670,29.52,2026-02-20T05:00:00Z,279543,28.51618
29.445,29.63,28.05,2118,28.44,2026-02-23T05:00:00Z,230844,29.098878
28.45,29.74,28.36,1448,29.395,2026-02-24T05:00:00Z,152317,28.675624
27.41,28.055,27.375,1367,27.9,2026-02-25T05:00:00Z,157394,27.824015
27.77,28.82,27.255,2830,27.255,2026-02-26T05:00:00Z,306407,28.239239
28.88,29.49,28.36,2200,29.15,2026-02-27T05:00:00Z,235736,29.015012
29.23,30.65,28.74,2627,30.595,2026-03-02T05:00:00Z,295929,29.440807
30.55,33.68,29.76,4612,31.5,2026-03-03T05:00:00Z,478821,31.763022
29.44,30.49,29.0,2302,30.14,2026-03-04T05:00:00Z,220163,29.448162
31.41,32.73,29.87,5254,30.36,2026-03-05T05:00:00Z,517286,31.453982
35.73,35.75,32.92,6273,33.82,2026-03-06T05:00:00Z,668049,34.179586
32.26,37.38,31.67,5969,36.05,2026-03-09T04:00:00Z,647828,34.349525
33.85,33.86,30.755,3832,32.19,2026-03-10T04:00:00Z,414363,32.188544
32.24,33.77,32.23,1620,33.225,2026-03-11T04:00:00Z,164507,33.060716
34.39,34.585,33.31,3340,33.82,2026-03-12T04:00:00Z,337447,33.909517
35.11,35.145,33.02,2436,33.6,2026-03-13T04:00:00Z,250633,34.431774
32.4,33.82,32.36,4352,33.8,2026-03-16T04:00:00Z,440393,32.825739
31.91,32.26,31.4,2067,31.89,2026-03-17T04:00:00Z,211553,31.820415
34.69,34.79,32.83,3941,32.92,2026-03-18T04:00:00Z,374801,34.04625
33.7,36.63,33.0,5339,36.345,2026-03-19T04:00:00Z,551229,34.678562
36.095,36.57,33.81,4020,33.85,2026-03-20T04:00:00Z,391777,35.312773
34.2,35.12,32.73,4369,33.58,2026-03-23T04:00:00Z,454580,33.824944
35.025,35.52,33.72,5059,35.295,2026-03-24T04:00:00Z,888834,34.55102
34.255,35.12,33.81,1292,34.09,2026-03-25T04:00:00Z,170822,34.403045
36.71,36.8,34.54,3658,35.015,2026-03-26T04:00:00Z,602062,36.229341
39.59,39.78,37.19,3026,37.41,2026-03-27T04:00:00Z,343475,38.526667
39.17,39.91,37.89,3746,37.92,2026-03-30T04:00:00Z,375533,38.895391
35.5,38.1,35.36,3820,37.335,2026-03-31T04:00:00Z,363606,36.350168
34.72,35.715,34.22,2978,35.005,2026-04-01T04:00:00Z,284235,34.95199
34.73,37.205,34.49,2784,36.87,2026-04-02T04:00:00Z,277035,35.784809
33.88,34.76,33.68,1789,34.73,2026-04-06T04:00:00Z,161072,34.040156
35.04,36.3,34.62,4664,34.63,2026-04-07T04:00:00Z,439965,35.398383
31.61,32.82,31.06,2328,31.51,2026-04-08T04:00:00Z,249041,31.917587
30.39,31.96,30.37,1972,31.86,2026-04-09T04:00:00Z,166717,31.042859
30.81,31.08,30.1,1319,30.215,2026-04-10T04:00:00Z,118793,30.603533
29.61,31.26,29.57,1916,31.14,2026-04-13T04:00:00Z,172196,30.236918
29.2,29.41,28.77,3073,28.83,2026-04-14T04:00:00Z,305498,29.041698
29.33,29.58,28.93,1137,28.975,2026-04-15T04:00:00Z,119753,29.275932
29.29,29.95,29.04,1496,29.33,2026-04-16T04:00:00Z,139877,29.381469
28.955,28.98,28.37,1632,28.59,2026-04-17T04:00:00Z,172138,28.747816
29.36,29.83,29.2,1484,29.25,2026-04-20T04:00:00Z,150383,29.487841
29.9,30.39,29.25,2044,29.305,2026-04-21T04:00:00Z,198014,29.753841
29.54,29.88,29.12,1841,29.17,2026-04-22T04:00:00Z,173841,29.508949
29.54,30.905,29.43,2659,29.66,2026-04-23T04:00:00Z,252515,29.851216
29.78,29.85,29.09,2072,29.41,2026-04-24T04:00:00Z,199325,29.51795
28.87,29.62,28.78,1695,29.61,2026-04-27T04:00:00Z,165913,29.176013
28.33,29.44,28.31,1431,29.35,2026-04-28T04:00:00Z,138900,28.846367
28.99,29.29,28.29,1972,28.42,2026-04-29T04:00:00Z,241159,28.784655
28.125,29.07,28.085,1734,28.68,2026-04-30T04:00:00Z,184062,28.319104
28.38,28.38,27.77,1592,27.93,2026-05-01T04:00:00Z,198042,28.054614
28.69,29.22,27.64,3508,28.38,2026-05-04T04:00:00Z,369044,28.505192
28.68,28.77,28.04,1542,28.04,2026-05-05T04:00:00Z,168377,28.367508
28.1,28.27,27.82,2560,27.945,2026-05-06T04:00:00Z,286720,28.012689
27.88,28.3,27.78,2210,27.905,2026-05-07T04:00:00Z,217705,27.971445
28.04,28.14,27.56,2257,27.73,2026-05-08T04:00:00Z,266177,27.917429
28.45,28.535,27.83,2465,28.05,2026-05-11T04:00:00Z,255622,28.1993
27.84,28.88,27.64,2649,28.66,2026-05-12T04:00:00Z,295419,28.38148
28.31,28.43,27.73,2536,27.92,2026-05-13T04:00:00Z,307609,28.071875
27.68,28.46,27.47,2016,28.145,2026-05-14T04:00:00Z,213591,27.932541
27.9,28.58,27.65,2835,28.53,2026-05-15T04:00:00Z,321316,28.007505
