total_return_pct,annualized_return_pct,max_drawdown_pct,max_dd_days,sharpe,win_rate_pct,total_pnl,commission,sessions,recenters,exits,round_trips,ENTRY_MAX_ADX,ENTRY_MAX_ATR_PCT,GRID_SPACING_ATR_MULTIPLIER,GRID_RECENTER_THRESHOLD_ATR,EXIT_MAX_ADX,score
378.76448323965434,36.856959115472975,11.504247330592108,441,0.4145474601516851,61.76470588235294,7657.350228793097,104.1581107069093,58,24,57,34,25,0.045,0.5,1.0,20,0.6833891882004651
380.9883787243738,36.98409197409347,11.652561808421051,441,0.4147204521612159,54.83870967741935,7699.1278684874815,98.85417001252469,58,31,57,31,25,0.045,0.6,0.8,20,0.682207659980169
357.97310548427845,35.64494719642679,11.553891549666751,441,0.4234236027468789,56.25,7237.186739685578,98.55113881442989,58,24,57,32,25,0.045,0.6,1.0,20,0.6735173210718934
387.8394146299053,37.3728112267755,12.178874883185438,441,0.408367069846862,57.57575757575758,7841.860158598118,108.7272629018887,58,31,57,33,25,0.045,0.5,0.8,20,0.673383461532583
384.640919582201,37.19187955334824,12.023713407786571,426,0.4067320903720846,61.111111111111114,7780.490517644028,111.21629985598089,58,24,57,36,25,0.045,0.4,1.0,20,0.6730703889482879
360.0496672000513,35.767953152607326,12.11982587703432,441,0.4234394004740372,53.57142857142857,7278.0979120010325,92.55371899897479,58,17,57,28,25,0.045,0.6,1.2,20,0.6650296362963328
385.83424521003195,37.25949465688942,12.64551509165205,426,0.40618163144865777,56.25,7803.792474200638,106.6719082993681,58,17,57,32,25,0.045,0.4,1.2,20,0.6628196218799389
390.12446936758806,37.50149158066607,12.58329941387365,441,0.3990255784358139,53.125,7881.8496813517695,106.04878164823859,63,34,62,32,25,0.055,0.6,0.8,20,0.6622896235078808
393.1681441347837,37.672149790384466,12.785899989848804,441,0.40075918973653724,51.35135135135135,7951.810586695676,117.23028680433069,58,31,57,37,25,0.045,0.4,0.8,20,0.66187512693582
368.2140549471418,36.247310981762524,12.51352702248642,441,0.41697557188670786,53.333333333333336,7446.237152942844,99.25405455716229,58,17,57,30,25,0.045,0.5,1.2,20,0.6600551406990562
375.9017091667718,36.69260659555715,12.382124776308967,441,0.40100026997564886,60.0,7600.094747335449,111.69753266455879,63,26,62,35,25,0.055,0.5,1.0,20,0.6577009091684789
377.2586782584301,36.77060877259537,12.436051749972634,441,0.3962875438219842,60.71428571428571,7624.53385916861,85.93613033139239,50,27,49,28,25,0.035,0.6,0.8,20,0.6548527051594054
355.49123763792994,35.49734633224764,12.245352415353693,441,0.41010068776681124,58.06451612903226,7187.54938275861,104.26137674139589,63,26,62,31,25,0.055,0.6,1.0,20,0.651821349812383
358.1747966153146,35.65691398300741,12.579191030749165,441,0.41077315766281985,48.275862068965516,7240.600500306303,98.9970216937048,63,19,62,29,25,0.055,0.6,1.2,20,0.6486040009551352
351.8944799783012,35.282295569715274,12.065366212078569,426,0.4027193875545309,65.625,7119.950163566027,91.93632693397879,50,22,49,32,25,0.035,0.5,1.0,20,0.6479313974365697
384.91795138870185,37.20758832699638,13.133898001241844,441,0.39521033367005953,54.285714285714285,7783.430893774049,116.6273557259575,63,34,62,35,25,0.055,0.5,0.8,20,0.6477978218321624
371.018984425473,36.410455036759146,12.56783727869831,426,0.39390523385729537,64.70588235294117,7508.051814509463,97.94646949054349,50,22,49,34,25,0.035,0.4,1.0,20,0.6471671559513461
343.30566782144854,34.763177426551216,12.183301550174331,441,0.40670387072792613,58.620689655172406,6943.83798642898,86.3297755710273,50,22,49,29,25,0.035,0.6,1.0,20,0.6424018016447705
361.8660063450318,35.87518124319844,12.72037644606529,441,0.39758944697964865,61.29032258064516,7322.391992900641,94.3946955993662,50,27,49,31,25,0.035,0.5,0.8,20,0.6409037677769825
376.38863469005594,36.7206167992012,13.469387505038602,441,0.39968959225520806,51.61290322580645,7609.728747801125,108.20897919888279,63,19,62,31,25,0.055,0.5,1.2,20,0.640031218768139
380.2382612435502,36.941262833370494,13.373758586530164,426,0.3891673832845858,62.5,7693.212928871002,99.3620241290011,50,27,49,32,25,0.035,0.4,0.8,20,0.6375596203673637
373.75036200645246,36.568576182301584,13.46628098775033,441,0.39338913198352643,53.333333333333336,7562.114810129049,92.6985368709577,50,15,49,30,25,0.035,0.4,1.2,20,0.634639823166807
344.92116172723354,34.86143023625159,12.79465583752753,441,0.4063151166564369,53.84615384615385,6975.527802544679,81.7471429553262,50,15,49,26,25,0.035,0.6,1.2,20,0.6336330999112313
378.854573420013,36.86211844540546,13.67787299405011,441,0.39128219038486056,61.111111111111114,7664.763594400268,120.85931209974129,63,26,62,36,25,0.055,0.4,1.0,20,0.6334553258695904
381.4045705910202,37.0078320717036,14.010279310045942,441,0.39165918919918047,53.125,7715.198981820403,115.2582876796037,63,19,62,32,25,0.055,0.4,1.2,20,0.6304807167372104
353.7820685301793,35.395324787395865,13.210558506378725,441,0.4014971448802331,57.14285714285714,7157.597424603588,87.39198589641859,50,15,49,28,25,0.035,0.5,1.2,20,0.6304322269900712
388.81725517622516,37.42793611550121,14.219585723794076,441,0.3869620695739358,54.054054054054056,7864.7928075245045,125.81687347550259,63,34,62,37,25,0.055,0.4,0.8,20,0.6291972544922221
395.2409215418058,37.787888521506204,15.572919137889352,426,0.38832489872057124,71.73913043478261,7986.878994836124,104.58821466388079,44,30,43,46,25,0.035,0.5,1.0,22,0.616020363696876
392.34896225016945,37.626301452840735,15.79634718306532,426,0.38673297111417887,70.2127659574468,7934.6513710034,110.9270679966095,44,30,43,47,25,0.035,0.4,1.0,22,0.6107204961982248
383.31284232157424,37.116472568224346,16.21996210434197,441,0.3908172274245473,72.3404255319149,7751.328712431491,108.84429056851249,44,37,43,47,25,0.035,0.5,0.8,22,0.6031297523406762
373.44187493667744,36.55075424772354,16.031913200130173,441,0.3910030817390171,65.11627906976744,7555.945068733546,103.83555476646279,44,21,43,43,25,0.035,0.4,1.2,22,0.5997454198021508
374.1531567381355,36.59183250157647,16.192308303303076,441,0.3918281096327275,69.04761904761905,7560.787764762711,97.5554932372949,44,30,43,42,25,0.035,0.6,1.0,22,0.5988357820279333
390.2245619916832,37.507117211087305,16.842209988542596,426,0.385676179599201,71.73913043478261,7892.938943833665,115.19595666634059,44,37,43,46,25,0.035,0.4,0.8,22,0.5969787291051336
362.26957839866736,35.898960435912805,15.922753009675628,441,0.39518717947453713,71.42857142857143,7324.7518619733555,97.49232652664959,44,37,43,42,25,0.035,0.6,0.8,22,0.5969716521797863
363.90373009419943,35.99507822714894,16.7091501876545,441,0.3944760668842986,69.04761904761905,7360.030655883993,99.66752161601359,44,21,43,42,25,0.035,0.5,1.2,22,0.5889153067805039
342.3517224123965,34.70502484305129,15.922107946041272,441,0.40070996038257223,66.66666666666666,6924.1390162479265,91.84132475207869,44,21,43,42,25,0.035,0.6,1.2,22,0.5883240858926506
373.82526595492163,36.57290213774598,18.184315630740507,441,0.40444513563398216,60.3448275862069,7553.609887098433,107.8743679015697,33,38,32,58,25,0.035,0.6,1.2,25,0.5857277539742121
401.0368321829326,38.10947446425459,19.138443596951635,441,0.394781834637552,62.295081967213115,8102.69269765865,116.3766353413551,33,38,32,61,25,0.035,0.5,1.2,25,0.5853184380584491
398.59053728334266,37.97410658066167,19.330557902182058,441,0.3946649050602199,61.53846153846154,8058.918315666854,124.16740333315089,33,38,32,65,25,0.035,0.4,1.2,25,0.582280892930432
396.0854110099137,37.834931674741036,19.608294731143264,441,0.3992613673967481,66.66666666666666,8003.768784198281,117.4972998017238,52,34,51,48,25,0.045,0.5,1.0,22,0.5813261073495587
397.42165707866405,37.90923797277554,20.263572847242173,426,0.3982014231795665,64.7887323943662,8036.880845573289,144.0529824267143,34,71,33,71,25,0.035,0.4,0.8,25,0.5757789850711615
396.95532148744513,37.883324021540645,21.98367365393546,356,0.4199351112226376,58.620689655172406,8016.210997748909,120.02048725109759,39,45,38,58,25,0.045,0.6,1.2,25,0.5751510824915249
393.8677929978128,37.711259857935374,19.585736426734933,441,0.38904538473928624,64.70588235294117,7959.3119139562505,124.88719704375269,30,44,29,68,25,0.035,0.5,1.2,28,0.5742754898365886
386.35021392311626,37.28868887601362,20.036410672818445,441,0.40114918226826507,65.9090909090909,7804.72890846233,110.11981553767579,52,34,51,44,25,0.045,0.6,1.0,22,0.5739065033856079
375.2752460757316,36.65653581826005,19.728319426631955,441,0.40582881815482186,66.66666666666666,7584.865215514632,111.1201609853723,52,42,51,45,25,0.045,0.6,0.8,22,0.5736131325815474
389.3023128478745,37.455248095988125,20.307559508484886,441,0.40153172853235863,64.17910447761194,7871.1181229575,136.6013140425061,34,71,33,67,25,0.035,0.5,0.8,25,0.5733824066424992
400.1116244853879,38.05833955470115,20.259263025831217,426,0.39122183263418686,67.3469387755102,8089.904615707769,126.65823129224219,52,34,51,49,25,0.045,0.4,1.0,22,0.5729521036920094
364.95031560123124,36.05649432398168,18.61202938018725,441,0.39720710540025783,65.0,7376.110880024631,112.4446814753746,30,44,29,60,25,0.035,0.6,1.2,28,0.5726321526815727
411.17897714656556,38.66512333082974,20.793404580869726,441,0.388764640703653,64.58333333333334,8305.640106931321,125.74409856868489,57,36,56,48,25,0.055,0.5,1.0,22,0.5724281267058825
423.16160469194324,39.31035725263716,22.949840853100405,441,0.40696679031968647,60.0,8545.18814783886,129.21852716114,39,45,38,60,25,0.045,0.5,1.2,25,0.5724092202850048
384.08743475686504,37.160473309574904,20.20469305365332,441,0.402747036163324,64.58333333333334,7766.820561137314,122.8010923626903,52,42,51,48,25,0.045,0.5,0.8,22,0.5723336816863966
390.7458224988404,37.536399426647726,19.779367684519915,441,0.3887278430283848,66.66666666666666,7902.024019976811,130.91975052319378,30,44,29,69,25,0.035,0.4,1.2,28,0.5708397867127581
370.025977264881,36.35278747869426,19.976411638250244,441,0.4054602193846095,66.66666666666666,7479.879839297622,123.12380570238089,34,71,33,60,25,0.035,0.6,0.8,25,0.5686172607359273
399.53196499385,38.026264045692095,20.889363314280363,441,0.39132439135710373,66.66666666666666,8079.087003877009,132.711416122999,52,42,51,51,25,0.045,0.4,0.8,22,0.5675928965062744
418.90124534919823,39.082314646364004,23.235010451039624,426,0.4052971730682727,61.53846153846154,8465.132476983958,139.1287980160428,39,45,38,65,25,0.045,0.4,1.2,25,0.5674946452324672
375.3440267856639,36.660497962618145,20.597242998986513,441,0.40390686979617263,65.9090909090909,7588.836589713283,111.8797162867208,52,23,51,44,25,0.045,0.5,1.2,22,0.565456655477409
394.88661877199974,37.76813261847276,23.50083625689328,356,0.4216344792983376,63.934426229508205,7977.092669439996,137.039952560011,40,80,39,61,25,0.045,0.6,0.8,25,0.5646139781444262
413.45095016803054,38.78838572373593,24.096760063641387,441,0.41406483837373537,62.31884057971014,8354.09086936062,152.26398763938218,40,80,39,69,25,0.045,0.5,0.8,25,0.5645082436208344
419.643799195612,39.12216850402912,24.25909180102831,441,0.4083631831351206,63.888888888888886,8481.323687912256,161.86536108775218,40,80,39,72,25,0.045,0.4,0.8,25,0.5627387056791788
396.1373924502497,37.83782526151758,21.455057324017947,441,0.3907042863328374,66.0,8007.819715005004,131.0627144950013,57,46,56,50,25,0.055,0.5,0.8,22,0.5611768774329953
381.61977465506374,37.02010114046299,20.617486528904713,426,0.3905613525132426,69.86301369863014,7720.843197101285,151.8066073987192,30,88,29,73,25,0.035,0.4,0.8,28,0.560458537776005
385.30866254393527,37.22973096573596,21.170512742572562,426,0.39404309809841653,61.76470588235294,7788.233814878715,130.5689906212902,33,54,32,68,25,0.035,0.5,1.0,25,0.5600822601224775
354.05844787911263,35.41184287450545,20.451389883440594,441,0.4110478440713567,62.22222222222222,7158.2735255822545,104.8374004177512,52,23,51,45,25,0.045,0.6,1.2,22,0.55984699037012
376.257069630604,36.71305082773255,20.902530928374915,441,0.39699642302952104,65.21739130434783,7604.501686612083,117.95753588792289,57,46,56,46,25,0.055,0.6,0.8,22,0.5594019163578746
369.7674778081235,36.337759489708745,20.73304000874624,426,0.3995279612408553,63.63636363636363,7482.457126162468,119.26944833753929,52,23,51,44,25,0.045,0.4,1.2,22,0.5589342418522647
374.8656402564242,36.63293078667624,20.6643609191894,441,0.3939186860540083,71.01449275362319,7582.384671128488,144.6883708715169,30,88,29,69,25,0.035,0.5,0.8,28,0.5586960107635466
378.69269790433174,36.85284752087139,21.15434759053178,441,0.39687532867033254,60.86956521739131,7651.578588086637,117.6630854133675,57,36,56,46,25,0.055,0.6,1.0,22,0.55862755115351
365.850312766134,36.10921992925626,20.540531074609287,441,0.3996240019300573,59.375,7392.535165322686,118.5135516773229,33,54,32,64,25,0.035,0.6,1.0,25,0.5584672098455655
384.03737192198844,37.15763119149318,21.31838294804825,426,0.39366491225747796,63.74999999999999,7768.419564439781,139.8129970602224,33,54,32,80,25,0.035,0.4,1.0,25,0.5581062889076147
411.9986522204886,38.70964395949912,23.604284079531926,441,0.3985568369232025,66.15384615384615,8321.92909840977,137.68488059023318,35,52,34,65,25,0.045,0.5,1.2,28,0.5578353410790421
359.64166418522973,35.74382002948977,20.648336024825962,441,0.40517240136522714,60.86956521739131,7269.937851704593,110.90262029541219,57,25,56,46,25,0.055,0.6,1.2,22,0.5577466960243134
403.0187599795132,38.21875918016953,21.690589772753526,426,0.3823834301060459,68.0,8148.047325590274,137.01823340973718,57,36,56,50,25,0.055,0.4,1.0,22,0.5576771551271483
373.8721213335205,36.57560791573946,22.581356673663397,441,0.4141449069563707,64.51612903225806,7554.546994670414,127.40752382959249,35,52,34,62,25,0.045,0.6,1.2,28,0.5563634360061902
379.69587524667674,36.91026111298537,21.518450473218365,441,0.39638640203110315,62.22222222222222,7675.873558933544,119.75679906646079,57,25,56,45,25,0.055,0.5,1.2,22,0.556106170347973
357.2359362396123,35.60117341274498,20.33357159314115,441,0.3976655049841403,70.0,7224.0790187922485,131.9034617077544,30,88,29,60,25,0.035,0.6,0.8,28,0.5544031886407467
388.90010415126824,37.432602599318976,24.200813990774208,441,0.41497706102068865,59.01639344262295,7855.726713025375,132.399821974634,39,62,38,61,25,0.045,0.6,1.0,25,0.5533514596140412
402.78505252369143,38.205890333652114,23.975510663106174,356,0.40092570579598313,57.6271186440678,8330.667068473835,131.7131030261709,42,51,41,59,25,0.055,0.6,1.2,25,0.5526644887406554
406.44588804864554,38.40692332700073,23.924413049803604,426,0.3963458829930452,63.38028169014085,8216.02533097291,148.3321565270957,35,52,34,71,25,0.045,0.4,1.2,28,0.5518937360292624
408.9576647058103,38.544185179364135,25.052772070973766,441,0.40595795062202344,56.75675675675676,8261.213858116216,147.68878038378688,39,62,38,74,25,0.045,0.5,1.0,25,0.5516033171059009
399.7463695164067,38.03813160556781,22.365122013126744,441,0.381691742997862,60.78431372549019,8083.375094328146,141.6508176718644,57,46,56,51,25,0.055,0.4,0.8,22,0.550746507526162
381.47674460176887,37.01194729636694,23.91627532660462,441,0.41288665346822856,65.15151515151516,7708.895186035379,142.34007146462469,35,96,34,66,25,0.045,0.6,0.8,28,0.550461778293369
405.5847817614147,38.3597408733483,25.015045618859045,426,0.4053119934447548,64.7887323943662,8199.367761228303,154.0059422716995,39,62,38,71,25,0.045,0.4,1.0,25,0.5499728213471254
419.99619476974397,39.14106611343695,24.83312303068409,356,0.3923062074201467,60.317460317460316,8709.039829394882,144.7956691051177,42,51,41,63,25,0.055,0.5,1.2,25,0.5495625934195532
374.74050852760513,36.62571636705654,21.54631664481638,426,0.3879030294495477,65.75342465753424,7576.87073455211,136.2523229478926,30,59,29,73,25,0.035,0.5,1.0,28,0.5483582455521989
384.36766492948107,37.17637792312547,22.21862161875325,426,0.38742798098231174,60.86956521739131,7774.460868589619,128.9146424103894,57,25,56,46,25,0.055,0.4,1.2,22,0.5479343747455424
396.4736189467917,37.85653571448939,24.69619328018285,441,0.40440380073810167,69.44444444444444,8014.544244935846,153.64153106415918,35,96,34,72,25,0.045,0.5,0.8,28,0.5473516807112826
356.1846176720208,35.538647419481364,20.910367581875413,441,0.39311781937204987,64.51612903225806,7201.416983440419,122.73374755958169,30,59,29,62,25,0.035,0.6,1.0,28,0.5467415786973927
402.8925998367065,38.21181290329716,24.81342141199832,441,0.3991426298959334,67.10526315789474,8146.2997007341455,162.1897587658605,35,96,34,76,25,0.045,0.4,0.8,28,0.5463272271340008
373.0786805254399,36.52975985120857,21.69601582651397,426,0.3874120072386255,70.12987012987013,7549.245736508805,141.9555324911967,30,59,29,77,25,0.035,0.4,1.0,28,0.5461488622755624
413.2061446940094,38.775125170358194,25.38905105196465,356,0.3885222275816571,60.60606060606061,8599.272431880183,155.3958836198191,42,51,41,66,25,0.055,0.4,1.2,25,0.5409284683117742
395.3047797718194,37.79144805075623,25.360186635381204,441,0.3994406633170496,63.888888888888886,7988.156159436402,151.1803260636035,35,72,34,72,25,0.045,0.5,1.0,28,0.5398413211251569
234.23296467656715,27.34934298082299,10.505501241903765,1101,0.3360755345800651,53.57142857142857,4753.01832553134,79.7708624686611,34,32,33,28,20,0.045,0.6,0.8,20,0.539164533772976
374.6180306986107,36.618653484269934,24.80016371958413,441,0.40487086966297575,60.9375,7570.085243972221,138.0091350277834,35,72,34,64,25,0.045,0.6,1.0,28,0.5370496537146037
240.5245495488145,27.826066729858834,10.970793279586996,1101,0.3343833672267514,53.333333333333336,4884.26156497629,91.4027060237117,34,32,33,30,20,0.045,0.5,0.8,20,0.536671429871271
381.32455757206503,37.00326930503546,24.521530222169563,356,0.39394768282184656,63.49206349206349,7886.594210441306,138.3799730586977,37,59,36,63,25,0.055,0.6,1.2,28,0.5352688772231874
236.6786515714282,27.535502377135955,10.713489083528517,1101,0.3312579909789264,60.0,4801.932063428565,68.2926140714353,27,28,26,25,20,0.035,0.6,0.8,20,0.5352567018274241
231.4337599511334,27.13493310695707,10.55420513330594,1101,0.33492288199278036,56.25,4704.176947022663,88.24296897733629,34,25,33,32,20,0.045,0.5,1.0,20,0.5350533487893403
391.492008758712,37.57827376720826,25.610676608157885,426,0.3965250767625213,67.53246753246754,7917.512301174254,159.70766982574878,35,72,34,77,25,0.045,0.4,1.0,28,0.5349354546941
408.0501416085102,38.494654107520574,25.79680756548189,356,0.383205440809852,65.67164179104478,8442.430025170204,151.84470882979778,37,59,36,67,25,0.055,0.5,1.2,28,0.533087126533317
237.35392356881619,27.58671179340655,10.945792170612421,1086,0.3324407321739535,55.88235294117647,4826.516113376327,94.951426123676,34,25,33,34,20,0.045,0.4,1.0,20,0.5329955349288658
246.45644181241013,28.269128094203143,11.597735690723184,1101,0.3319782045710589,50.0,5006.9553162482025,98.85056325179879,34,32,33,34,20,0.045,0.4,0.8,20,0.5312234030305764
373.08764937924144,36.530278449591535,25.541151721923722,441,0.398158552931985,60.0,7738.954729584829,149.76602041517418,42,89,41,65,25,0.055,0.6,0.8,25,0.528024851654397
389.7390343482036,37.479819912360604,26.266726495793502,441,0.3913638632994408,63.76811594202898,8108.197050964082,164.9455625359253,42,89,41,69,25,0.055,0.5,0.8,25,0.5273376080913275
238.858246127222,27.700498436905985,11.457003293687418,1086,0.3326250077670708,50.0,4853.11121454444,88.65425095556519,34,18,33,30,20,0.045,0.4,1.2,20,0.5269247867019691
375.7409306045071,36.68335283776951,26.07143069605522,441,0.3960723456304495,59.67741935483871,7771.79183009015,144.7886294098579,42,69,41,62,25,0.055,0.6,1.0,25,0.5250168179984475
400.40728208686056,38.07468834686203,26.394328519347017,356,0.37933526619109265,65.71428571428571,8325.278406737214,162.0941387627897,37,59,36,70,25,0.055,0.4,1.2,28,0.5240440504352187
394.02454205242293,37.72001598646093,26.66504260705327,441,0.38460914901226484,61.33333333333333,8216.029417048463,175.9984879515368,42,89,41,75,25,0.055,0.4,0.8,25,0.5229523744285537
230.83692465753563,27.08903031309058,11.076215132898831,1086,0.3280677321829046,59.375,4696.1761351507175,81.7132308492816,27,23,26,32,20,0.035,0.4,1.0,20,0.5224206696366378
239.72971271132906,27.766231326429214,11.657671561523197,1086,0.32799021316098603,58.620689655172406,4872.420734226576,82.4220797734222,27,28,26,29,20,0.035,0.4,0.8,20,0.5220843590507441
380.26652043762925,36.94287730597914,27.189250246087965,441,0.3888098455001471,60.0,7898.809278752599,159.32387424740858,42,69,41,70,25,0.055,0.5,1.0,25,0.5166808481195111
233.7388074330537,27.31159679920252,11.755944076995755,1101,0.3287041035400302,50.0,4750.722440661077,74.71315883892629,27,16,26,28,20,0.035,0.4,1.2,20,0.5158463465577152
386.20341547060315,37.280385339551714,27.326448722612405,426,0.3834240668411335,64.86486486486487,8042.040629412075,168.1434245879284,42,69,41,74,25,0.055,0.4,1.0,25,0.5153196346538391
221.21387341421914,26.339617873306143,11.005539041638787,1101,0.3268325567033946,57.14285714285714,4498.048042284383,77.8061422156197,27,28,26,28,20,0.035,0.5,0.8,20,0.5136873275653039
211.50143768676406,25.564813750145454,10.636768670613701,1101,0.3326110884618534,53.333333333333336,4300.058953735283,80.5273797647198,34,25,33,30,20,0.045,0.6,1.0,20,0.5131101280366219
221.04633610315915,26.32641249197576,11.328656833866907,1101,0.33250229479914006,46.42857142857143,4493.077134063182,81.5867734368198,34,18,33,28,20,0.045,0.5,1.2,20,0.512370325189333
360.16903793405953,35.77501062063926,26.372883617182612,441,0.3883109611746648,66.66666666666666,7474.277899681196,152.8785648188077,36,107,35,63,25,0.055,0.6,0.8,28,0.5116377997377268
213.30822042271862,25.710397386384855,10.914135219850458,1101,0.33324667307640843,44.44444444444444,4334.478936454376,74.8918800456278,34,18,33,27,20,0.045,0.6,1.2,20,0.5112444161910801
373.7431731585337,36.568160973344476,27.224006063714505,441,0.3810265886746316,69.86301369863014,7766.993728170684,165.9267748293222,36,107,35,73,25,0.055,0.5,0.8,28,0.5089572609827135
211.4250687257363,25.558645373074953,10.67513939617648,1086,0.32620476788268166,60.0,4304.003122514721,76.4051234852778,27,23,26,30,20,0.035,0.5,1.0,20,0.5086268111204397
379.05179718733046,36.873410446717884,27.34995072179428,441,0.3761448096539589,65.0,7923.002192746626,178.0395157533801,36,107,35,80,25,0.055,0.4,0.8,28,0.5077167023332299
359.30596004047146,35.723950490321535,27.037047768439677,441,0.3844470987234908,60.60606060606061,7448.2044598094335,151.4326461905686,37,81,36,66,25,0.055,0.6,1.0,28,0.5054828809522778
365.16012393196854,36.06879306547795,27.58093627788861,441,0.3809093729238086,61.25000000000001,7599.828693639381,167.0719058606245,37,81,36,80,25,0.055,0.5,1.0,28,0.5032636129963988
251.4601206910706,28.638167771379088,14.296281370714613,688,0.3337867102910285,51.724137931034484,5097.561445821411,86.210479178591,37,35,36,29,20,0.055,0.6,0.8,20,0.5032378752925931
275.53854902644395,30.35743331887568,16.584113176500185,694,0.3390057593043458,50.0,5584.541554528881,111.5075434711211,28,63,27,46,20,0.045,0.5,0.8,25,0.5015837331148316
372.4207949451872,36.491698037450824,28.000823941278004,426,0.3751068305124789,68.75,7766.784287903753,173.79553609624878,37,81,36,80,25,0.055,0.4,1.0,28,0.5009113480900922
213.47566172215258,25.723855146176543,11.506239366562452,1101,0.32630094355035516,50.0,4341.663646443054,70.1086430569481,27,16,26,26,20,0.035,0.5,1.2,20,0.4991203300539271
259.8763516876351,29.24952661390694,15.773600417347305,356,0.3404820713273102,59.523809523809526,5265.8860657526975,100.90450374730459,28,63,27,42,20,0.045,0.6,0.8,25,0.4988761328071813
203.0407232869159,24.873958894044378,10.785428328235549,1101,0.32513072053306025,57.14285714285714,4130.844665738326,69.75364376167829,27,23,26,28,20,0.035,0.6,1.0,20,0.4980390691625053
269.5991007732649,29.941719238756882,16.596341029822273,744,0.33660021463001544,57.77777777777777,5465.752589465294,117.8853220347076,26,82,25,45,20,0.045,0.5,0.8,28,0.4959487692297133
204.53311450130994,24.9969301688596,11.079972755284064,1101,0.32549042784164295,50.0,4158.976818026204,64.813021973798,27,16,26,24,20,0.035,0.6,1.2,20,0.49567862042182753
255.1775909690555,28.90963408353382,15.964884577819344,612,0.33880543602753793,57.77777777777777,5171.910851381108,111.93303211889379,26,82,25,45,20,0.045,0.6,0.8,28,0.49269736747696713
261.39814234683547,29.358846984878472,16.307451308323987,1101,0.3342481994880389,53.65853658536586,5301.733420936701,95.5053820633008,23,55,22,41,20,0.035,0.5,0.8,25,0.4913566464615334
264.4492606338105,29.57692494747215,17.08399228237773,1101,0.3342084719984326,55.319148936170215,5366.811692676211,124.6482588237944,26,82,25,47,20,0.045,0.4,0.8,28,0.4867571769199226
254.72664988800307,28.876825782170854,16.222055164565003,1101,0.3319392368113954,57.446808510638306,5168.303571760055,112.1491887399458,22,74,21,47,20,0.035,0.5,0.8,28,0.48594859149520975
257.985354134869,29.113167395029315,16.618950370992177,1101,0.3334021547374549,57.14285714285714,5235.0978186973725,99.446330302631,23,55,22,42,20,0.035,0.4,0.8,25,0.48570012303489274
245.9627146458701,28.232483351714933,15.555911612842912,689,0.3299692487327266,50.0,4993.024866917403,98.1957970826,37,35,36,32,20,0.055,0.5,0.8,20,0.4843079134545167
258.5770573573563,29.155896712054542,16.99788393243018,694,0.33513548668794224,53.191489361702125,5249.367627147125,117.20025785287929,28,63,27,47,20,0.045,0.4,0.8,25,0.4839526430066544
236.7983339572583,27.54458450465469,14.944367172908791,689,0.33050376657403896,54.54545454545454,4811.468427145166,94.3231708548358,37,27,36,33,20,0.055,0.5,1.0,20,0.48331052360066695
232.4912901582709,27.21610602361504,15.03776847016193,694,0.33623645204297387,56.81818181818182,4725.327551165422,110.35254583458209,28,50,27,44,20,0.045,0.5,1.0,25,0.48247539856731547
236.95490279812424,27.556461874369063,14.816148127200412,745,0.3250045635970006,60.0,4807.4570879624835,88.2877290375173,34,41,33,30,20,0.045,0.6,0.8,22,0.4813650046080354
235.30807169068936,27.431311078764598,15.25147188115147,769,0.33274754084214214,60.46511627906976,4774.5204658137845,87.02791668621329,23,55,22,43,20,0.035,0.6,0.8,25,0.4806125245992753
238.14429136112238,27.64654551796195,15.505604341362272,688,0.3303751267999156,44.827586206896555,4835.036239222449,87.98227677755379,37,20,36,29,20,0.055,0.5,1.2,20,0.4790634925895324
249.2660291782157,28.476866124282974,16.53274381556219,1101,0.3301220663045157,61.36363636363637,5063.147063564311,114.64876393569439,22,74,21,44,20,0.035,0.4,0.8,28,0.4782162021573235
227.1958316255015,26.8075494179274,14.979471144399326,694,0.3337833565370892,60.416666666666664,4619.418380510034,119.92714198997,26,64,25,48,20,0.045,0.5,1.0,28,0.47732684735357955
230.36351852249314,27.052573379336554,15.171212887886654,1101,0.33078884333569264,65.85365853658537,4675.62940244986,103.32954705014,22,74,21,41,20,0.035,0.6,0.8,28,0.47629005426862814
219.7404848855951,26.223295287522852,14.328505247085449,610,0.3303918858168453,42.857142857142854,4463.124225711908,80.2281517880963,37,20,36,28,20,0.055,0.6,1.2,20,0.47534169538842425
250.3176784014647,28.55428036204661,16.9739078777725,1052,0.32662591325053375,50.0,5084.180048029293,106.3301189707092,37,35,36,34,20,0.055,0.4,0.8,20,0.47320558964207604
227.55267450732376,26.835246157678426,15.450722120062425,679,0.3329273138895993,56.52173913043478,4630.4911321464815,115.64794285352369,28,50,27,46,20,0.045,0.4,1.0,25,0.4728371992328715
217.15270853453438,26.017951255167926,14.346982707885603,688,0.32911017706025475,53.333333333333336,4413.084370690694,85.4904708093099,37,27,36,30,20,0.055,0.6,1.0,20,0.4722256582465466
243.51153336354687,28.049933491435297,16.57230622986485,729,0.327546298237594,50.0,4946.176959270939,94.3298172290653,37,20,36,30,20,0.055,0.4,1.2,20,0.47214119395316023
225.63540897708657,26.68615105305223,15.71541340362787,356,0.3376026547938458,48.888888888888886,4581.0227075417315,93.1352494582703,28,36,27,45,20,0.045,0.6,1.2,25,0.4718285275272391
223.8715912106304,26.548367505737637,15.159175346455763,1086,0.3286823600969804,55.55555555555556,4556.869466212613,98.9563462873921,23,42,22,45,20,0.035,0.4,1.0,25,0.46995644217859256
219.6954379221506,26.219732126682803,14.38179975523183,1101,0.3208097973673212,68.96551724137932,4462.267790443013,76.1071225569868,27,36,26,29,20,0.035,0.6,0.8,22,0.46904094733428303
226.0957321492421,26.72201173877933,14.941123466412046,1101,0.32039016517972163,61.29032258064516,4595.685216984838,85.27156051516249,27,36,26,31,20,0.035,0.5,0.8,22,0.4687610815416625
240.3768588068889,27.814957008918118,16.611227342363392,1037,0.3262258690551547,55.88235294117647,4886.974818137784,102.78333536221989,37,27,36,34,20,0.055,0.4,1.0,20,0.4687197289798345
235.2779697553375,27.42901891466154,15.70873004597175,1101,0.31909171384689994,56.75675675675676,4783.38587510675,106.99199089325269,34,41,33,37,20,0.045,0.4,0.8,22,0.46827647060866096
228.87896162294027,26.937976317793645,15.347637231639972,1101,0.3209570978917632,59.375,4653.5255244588025,82.07275304119969,27,20,26,32,20,0.035,0.4,1.2,22,0.4676195380586659
222.99169103452314,26.47940819446579,15.760540864351501,689,0.33354566602256647,58.536585365853654,4529.864020690468,100.5218018095366,28,50,27,41,20,0.045,0.6,1.0,25,0.46692548410780305
232.39946285604205,27.209065820848032,15.709151720428526,1086,0.3193597251086947,66.66666666666666,4725.815737120836,90.23906887916519,27,36,26,33,20,0.035,0.4,0.8,22,0.4662137627926394
230.2570148208174,27.044365789832646,15.626005629394331,1101,0.32079588133288217,58.82352941176471,4678.910870416345,98.53334408365319,34,41,33,34,20,0.045,0.5,0.8,22,0.4661384625600421
222.9460402177309,26.47582636317416,14.831971619810853,1086,0.318421467996361,68.57142857142857,4538.358446354627,89.8353911453753,27,28,26,35,20,0.035,0.4,1.0,22,0.4660385571690435
220.33359849804,26.27017246676777,14.683837908193292,1101,0.31963727819882415,61.76470588235294,4482.173717960803,96.00377053920039,34,32,33,34,20,0.045,0.5,1.0,22,0.4660048912821124
233.05382823972823,27.259200710251143,17.015679860304516,356,0.3360215307591304,48.888888888888886,4733.226976794556,100.23995970544519,28,36,27,45,20,0.045,0.5,1.2,25,0.4659441355898327
215.2487368855921,25.866010963723383,14.761805596623647,1086,0.3275916184616815,55.81395348837209,4380.476485711843,95.4121977881599,23,42,22,43,20,0.035,0.5,1.0,25,0.4658446495748393
230.0086548200945,27.025217976397407,15.677197258624892,1086,0.31993453970637464,57.57575757575758,4676.119388401883,96.0296605981177,34,22,33,33,20,0.045,0.4,1.2,22,0.4649810526551655
218.48803070141793,26.124077732020478,15.081039594934783,1086,0.32629569210258336,61.224489795918366,4449.198256028364,115.2857084716398,22,56,21,49,20,0.035,0.4,1.0,28,0.4648598313591676
220.12750048885655,26.25389123043833,15.46618249754248,1086,0.3290483811751432,59.183673469387756,4481.987651777133,123.84942072287139,26,64,25,49,20,0.045,0.4,1.0,28,0.4644602903870645
228.22719225681425,26.887533728662127,16.585061575548252,679,0.33388497213228724,50.0,4640.490137136275,106.93042236372659,28,36,27,48,20,0.045,0.4,1.2,25,0.46442126227579317
212.56851629630344,25.650876231369747,14.685296574525852,1086,0.32669196889377966,60.416666666666664,4326.8720739260725,113.82574257393179,22,56,21,48,20,0.035,0.5,1.0,28,0.4637598523048879
240.85986374044174,27.851275727227986,17.359110199668148,441,0.32710800269131496,60.46511627906976,4885.556306808831,107.64642419116959,30,68,29,43,20,0.055,0.6,0.8,25,0.46365245758796325
231.7800443697314,27.161535659928447,17.145025740045465,355,0.3346136270370677,53.191489361702125,4707.751299394625,111.2395181053786,27,45,26,47,20,0.045,0.5,1.2,28,0.46315694462905144
255.99163514372796,28.96877577468007,18.78933725511553,688,0.32633442029945003,50.0,5193.603276874558,118.59715712544299,30,68,29,46,20,0.055,0.5,0.8,25,0.46312246813078634
224.54529808283624,26.601065893007924,15.219378907495626,1086,0.31716355023313747,63.1578947368421,4570.343603656729,104.8396513432745,34,32,33,38,20,0.045,0.4,1.0,22,0.46304549636355175
223.338479141899,26.50660449756952,16.493208092639932,355,0.3348647573346528,50.0,4535.084110837979,105.59099566202319,27,45,26,48,20,0.045,0.6,1.2,28,0.46199159018677194
217.61819356417172,26.054986784979395,15.724252806411243,694,0.3306918687509112,60.46511627906976,4422.39407128344,109.72406721656239,26,64,25,43,20,0.045,0.6,1.0,28,0.46123961695028604
224.52844874377726,26.59974897880597,15.728361347971934,744,0.32139894492261056,53.333333333333336,4562.719386875543,87.9251691244573,34,22,33,30,20,0.045,0.5,1.2,22,0.4611239955634081
211.36245780862515,25.55358734091431,15.255944227487259,541,0.32956528613663266,51.11111111111111,4295.563684172504,90.612935827497,23,37,22,45,20,0.035,0.6,1.2,28,0.45943230210691366
240.28295771928777,27.807891495283734,17.654805046814722,635,0.3219323676283527,56.25,4874.0181863857515,94.72695761424859,37,45,36,32,20,0.055,0.6,0.8,22,0.45788541501242586
219.88545601742936,26.234759606354885,15.621525432800112,1101,0.3199791807393135,57.14285714285714,4469.859532348588,76.8009011514161,27,20,26,28,20,0.035,0.5,1.2,22,0.45749413225812585
208.44694056658616,25.317151073001853,15.255944227487259,1101,0.3275078498495041,50.0,4237.253339331725,80.62984466827619,23,29,22,44,20,0.035,0.6,1.2,25,0.45577650722509966
219.80022349562205,26.228019920909084,16.551597838028737,1101,0.32973020174708434,52.17391304347826,4468.154881912435,96.65734508756799,23,37,22,46,20,0.035,0.5,1.2,28,0.4557109195834944
205.4477874304601,25.072060152977006,14.264859090545256,1086,0.3168653057780145,64.70588235294117,4184.457496609204,83.8306098907993,27,28,26,34,20,0.035,0.5,1.0,22,0.45565081833190046
205.94019819865173,25.112431633196806,14.555713706832831,688,0.32000600938625584,50.0,4187.1184919730385,81.89837002696609,34,22,33,32,20,0.045,0.6,1.2,22,0.4552921759603207
217.40236509738108,26.037820158175506,16.372377224948323,1101,0.32914652212428425,53.06122448979592,4423.993593947616,102.35843405238619,23,37,22,49,20,0.035,0.4,1.2,28,0.4548880321657803
217.0028593948622,26.00601951307395,16.551597838028737,1101,0.3279129177288479,48.837209302325576,4412.207599897238,85.975505102765,23,29,22,43,20,0.035,0.5,1.2,25,0.4524378504169071
260.33340426955624,29.282398525380703,20.72845091848331,694,0.3243232053545982,53.191489361702125,5284.49456539112,126.79104710888149,30,68,29,47,20,0.055,0.4,0.8,25,0.4518604092056294
214.69687265650475,25.821834078053385,16.372377224948323,1101,0.3273551099226222,51.06382978723404,4369.883745130087,91.99032386991459,23,29,22,47,20,0.035,0.4,1.2,25,0.45167802750962394
232.15134053588454,27.19003503187567,18.36706712580091,441,0.327151322755279,47.82608695652174,4715.177222717685,106.9765707823177,31,39,30,46,20,0.055,0.5,1.2,25,0.45006638699996865
224.476350564919,26.59567673242311,17.633536866192596,355,0.3276838672074433,48.93617021276596,4557.84153929838,100.64643570162059,31,39,30,47,20,0.055,0.6,1.2,25,0.44994889439484453
222.16118513290266,26.414182052197233,17.1741082769656,540,0.32472859574538565,57.14285714285714,4513.253902658062,108.00706534194259,31,53,30,42,20,0.055,0.6,1.0,25,0.4497901182002023
219.45801787516598,26.200945848491752,16.912868266785587,610,0.32441350469290686,53.333333333333336,4464.66210550332,118.1825644966836,31,53,30,45,20,0.055,0.5,1.0,25,0.44948853197288763
206.1935938484137,25.133186639114147,15.557913167189918,1101,0.3239804838538726,58.97435897435898,4193.902076968282,85.92561903172259,23,42,22,39,20,0.035,0.6,1.0,25,0.44926601179025744
248.34600784237563,28.408988298740102,19.54189801713226,694,0.32006590727259154,54.347826086956516,5248.694079347509,130.91420215249258,27,93,26,46,20,0.055,0.5,0.8,28,0.4490982923533391
234.4380576735677,27.36499589814465,18.197611941478343,610,0.3205706595713495,61.904761904761905,4949.301951971351,122.4668885286508,27,93,26,42,20,0.055,0.6,0.8,28,0.44893738950012496
200.96265204786587,24.70191911564392,14.664240697641917,1101,0.31658209179899816,62.5,4089.283240957324,88.9694950426799,34,32,33,32,20,0.045,0.6,1.0,22,0.4479737261215372
236.5930385021862,27.529004024124216,18.99835851852244,595,0.32406063830399606,56.25,4811.298412043727,126.3214469562778,31,53,30,48,20,0.055,0.4,1.0,25,0.44707076267214924
214.18783603493364,25.781030596444367,17.1944617578163,679,0.32901318853720934,51.02040816326531,4359.703012698664,118.32748380134079,27,45,26,49,20,0.045,0.4,1.2,28,0.4461022940660869
202.41327231716886,24.822113036671833,15.47599395739705,1101,0.3222719532691402,60.97560975609756,4118.295646343382,101.8421221566222,22,56,21,41,20,0.035,0.6,1.0,28,0.445751615042163
232.00854704353762,27.179077727887723,18.505409360265844,608,0.32049952789995634,51.61290322580645,4712.321352870751,93.6099491292508,37,24,36,31,20,0.055,0.5,1.2,22,0.44502306028715544
226.8723018056519,26.78241742191163,17.817406220023233,688,0.3183164143381539,61.111111111111114,4612.947784113041,103.5005893869613,37,34,36,36,20,0.055,0.5,1.0,22,0.44478745685114407
233.87032614904547,27.32164721327579,18.685438490146485,688,0.3180809696225314,57.14285714285714,4751.177096980909,106.0030605190905,37,45,36,35,20,0.055,0.5,0.8,22,0.44367079197724446
237.00932183214874,27.56058908874337,19.289040242391327,617,0.31841778386436587,55.88235294117647,4816.132728642968,102.43577635703319,37,24,36,34,20,0.055,0.4,1.2,22,0.4420619153475782
196.25898222131636,24.30897406871413,14.763022383634944,1101,0.3144491373541656,64.51612903225806,3995.2098444263347,77.52361357366959,27,28,26,31,20,0.035,0.6,1.0,22,0.44173850198298126
228.35574570979284,26.897489243031593,18.166490843261442,1101,0.3108527813478719,61.904761904761905,4599.519062195855,42.819868804145095,11,29,10,21,15,0.035,0.5,0.8,25,0.4389389046690475
222.05333749402945,26.405702070433932,17.53219969341739,1101,0.3106333906681052,68.42105263157895,4472.970847880593,38.5773621194081,11,29,10,19,15,0.035,0.6,0.8,25,0.4386348733259403
237.56164034623413,27.60244756065642,19.973241416901015,1101,0.31545522955094735,57.89473684210527,4829.059286924681,114.47714857531969,37,45,36,38,20,0.055,0.4,0.8,22,0.43632225651987033
213.63069707820537,25.736310678942754,17.827726210052834,360,0.3207628464017653,50.0,4494.906912064101,113.3745104358996,29,50,28,48,20,0.055,0.6,1.2,28,0.4362715194687372
212.78082402337256,25.66797133494225,17.645597606401626,540,0.31868070616519706,46.875,4323.931008467456,87.9761850325497,37,24,36,32,20,0.055,0.6,1.2,22,0.43562651669171437
225.37882256068985,26.666144530873193,19.56543681465382,593,0.3227994229303535,47.91666666666667,4583.522743213787,115.43934228621569,31,39,30,48,20,0.055,0.4,1.2,25,0.4348230903351133
229.65178750029938,26.997684388499476,19.375223585162146,1037,0.31478161037083363,63.1578947368421,4672.4733920059925,112.3189729940104,37,34,36,38,20,0.055,0.4,1.0,22,0.4342060201780325
208.43567985125193,25.316234417981363,17.28681417653766,610,0.31627865342185507,58.82352941176471,4238.743797025045,94.68503997495999,37,34,36,34,20,0.055,0.6,1.0,22,0.43332475394162345
211.85617808760705,25.59345054818596,17.67616379768382,540,0.3160731604672882,57.99999999999999,4520.662160252146,133.35352824785738,28,73,27,50,20,0.055,0.5,1.0,28,0.43314157462479647
240.92405116469737,27.85609909090352,21.01038108554168,744,0.31652460680926986,56.00000000000001,5141.923611793951,138.0686947060548,27,93,26,50,20,0.055,0.4,0.8,28,0.4330026547432634
188.05395307750814,23.61142006062984,15.103196099071006,1101,0.3127726482730868,53.333333333333336,3829.3935895501677,72.223263449836,27,20,26,30,20,0.035,0.6,1.2,22,0.43068675157138514
220.0559055223021,26.24823344241085,19.364427344924234,441,0.31966555409469855,52.083333333333336,4643.775118946039,121.82453355396439,29,50,28,48,20,0.055,0.5,1.2,28,0.43039235669490944
233.78010309468317,27.31475287740375,20.494551208723728,1101,0.3118531998106358,70.0,4708.006209893661,47.4325261063377,11,34,10,20,15,0.035,0.5,0.8,28,0.428456783679066
205.16806760309714,25.049103466647594,17.57187074090709,533,0.3147276167575838,56.81818181818182,4355.0902685619485,122.09288893805639,28,73,27,44,20,0.055,0.6,1.0,28,0.42786148812149505
227.26368167555074,26.812817530798803,19.859834830544713,1101,0.3116155458607169,73.68421052631578,4577.17773151102,43.549908488981096,11,34,10,19,15,0.035,0.6,0.8,28,0.42763526549400865
216.16801493358216,25.939462317716444,18.552968198508857,1086,0.30711933757461873,68.18181818181817,4356.66003667164,44.9418233283609,11,29,10,22,15,0.035,0.4,0.8,25,0.4251591005850751
214.15334904126686,25.778264268043127,19.04456056299444,679,0.3133008272592159,60.0,4591.079027325341,137.27276617466538,28,73,27,50,20,0.055,0.4,1.0,28,0.42426116154837246
198.65116062397487,24.50943535092367,16.84744624833009,1086,0.30369665377438826,72.0,4005.167334479496,43.889814520502895,11,21,10,25,15,0.035,0.4,1.0,25,0.4210685488764865
212.2292293334035,25.623537422832122,19.797043753640324,501,0.3153516238990409,50.0,4509.230295168062,129.5356563319406,29,50,28,50,20,0.055,0.4,1.2,28,0.41956664373471786
193.44511404539236,24.071512246532233,16.63320078661659,1101,0.3053040382396982,64.28571428571429,3899.710768907848,37.904372092153295,11,20,10,14,15,0.035,0.6,1.2,28,0.41927125903322915
202.03834110071654,24.791091648704743,18.00491313407816,1101,0.30629392922009924,70.58823529411765,4072.015354014329,41.447600985671095,11,20,10,17,15,0.035,0.5,1.2,28,0.41747711874645343
220.86003099260378,26.31172134995645,20.941231704656722,1086,0.3079700478943935,72.72727272727273,4450.500357852075,50.265501147925896,11,34,10,22,15,0.035,0.4,0.8,28,0.4147715988428853
200.36973681292554,24.652658589081987,18.17388627627995,1101,0.30531094251038854,68.42105263157895,4039.538858258507,43.923673741492294,11,20,10,19,15,0.035,0.4,1.2,28,0.4144994634274127
187.4660558702375,23.560832424487455,16.63320078661659,1101,0.3016563324205764,57.14285714285714,3780.129605404751,32.8837425952503,11,15,10,14,15,0.035,0.6,1.2,25,0.41207398450371135
196.13148740029942,24.29825389571083,18.00491313407816,1101,0.3030362322808777,64.70588235294117,3953.8782800059894,36.4526509940111,11,15,10,17,15,0.035,0.5,1.2,25,0.41087661569564143
186.8654179303397,23.509062958634843,16.75695016282514,1086,0.3000727045947477,62.5,3768.5568906067906,42.467863393210095,11,21,10,24,15,0.035,0.5,1.0,25,0.40976310108254055
193.95501209498173,24.11467713140798,18.17388627627995,1101,0.3017610157031202,63.1578947368421,3911.244363899636,39.279894100364295,11,15,10,19,15,0.035,0.4,1.2,25,0.40732169274111873
177.90693679133872,22.726444379757726,16.148623893946397,1101,0.2977310173696532,66.66666666666666,3588.947223826777,36.7820451732249,11,21,10,18,15,0.035,0.6,1.0,25,0.4048548224003197
193.86077686379835,24.10670425924184,19.819479172135697,1086,0.2999020178673106,75.0,3909.3596592759613,48.915351724038096,11,26,10,24,15,0.035,0.4,1.0,28,0.3965378493434155
184.33525621570402,23.290030029917364,19.085010528287423,1086,0.29731970027722177,69.56521739130434,3717.9536563140746,47.479772685925695,11,26,10,23,15,0.035,0.5,1.0,28,0.39163926589527687
220.6955387176502,26.29874459414825,26.65087299125194,1101,0.30363085258286715,64.0,4447.210512353007,50.6170286469959,12,31,11,25,15,0.045,0.4,0.8,25,0.3859480627309555
210.70693263715143,25.500581748970276,25.294545535491643,1101,0.30176015571675996,57.14285714285714,4246.542800743032,45.300087256970095,12,31,11,21,15,0.045,0.5,0.8,25,0.3838694903299435
175.14788679235144,22.481350384042976,19.108407073999626,1101,0.2942693419321605,72.22222222222221,3533.76622384703,43.2586471529729,11,26,10,18,15,0.035,0.6,1.0,28,0.3822785867170563
217.36877801212108,26.035147859646113,27.734751612018215,1101,0.30326858348146835,60.0,4379.779708242424,53.085617757575896,12,37,11,25,15,0.045,0.5,0.8,28,0.37970723754007174
195.23718725462479,24.222954356984093,23.6409587738842,1101,0.29859155335944376,60.86956521739131,3936.6478430924976,42.1393209075019,12,31,11,23,15,0.045,0.6,0.8,25,0.37843073111996045
209.68882577118984,25.418080325917146,26.748122431378853,1101,0.30233724885186813,66.66666666666666,4225.6806134238,47.8058805762009,12,37,11,21,15,0.045,0.6,0.8,28,0.3779899344829535
199.85332020989603,24.60969031949196,25.271633011626587,1086,0.2983873000057927,68.0,4029.210526197919,48.1418428020813,12,23,11,25,15,0.045,0.4,1.0,25,0.3748489716022878
195.4530049390209,24.24114275651441,25.26434892867908,1101,0.2987774379012944,66.66666666666666,3940.3086307804165,45.331450219583296,12,22,11,18,15,0.045,0.5,1.2,28,0.372178365684954
185.9436943592752,23.429450044694235,23.86524278470091,1101,0.2966163080561448,60.0,3749.682375185504,42.1608958144969,12,22,11,15,15,0.045,0.6,1.2,28,0.36980978118454183
212.06473371319734,25.61027426747151,29.488787874511768,1101,0.3007059933534113,62.5,4274.594412263949,56.274961736052894,12,37,11,24,15,0.045,0.4,0.8,28,0.3690687963874793
189.02920653248307,23.695157314913317,24.68575303414603,1101,0.295748648486506,61.111111111111114,3811.8326626496614,39.2815983503373,12,17,11,18,15,0.045,0.5,1.2,25,0.36821317921292257
180.78296216001326,22.979867038894565,23.153470559080322,1101,0.2940168777681709,53.333333333333336,3646.4677312002673,35.3807467997339,12,17,11,15,15,0.045,0.6,1.2,25,0.36743919330319186
181.481606099916,23.04111492407104,23.411917915064663,1101,0.2934449682628299,63.1578947368421,3660.4406099983225,41.396546001679894,12,23,11,19,15,0.045,0.6,1.0,25,0.36654505230700596
196.52447165137815,24.331285436565153,27.661187649677032,1086,0.29597522707856466,75.0,3962.6335550275585,53.8572819724417,12,29,11,24,15,0.045,0.4,1.0,28,0.3626353680594656
189.61371436873574,23.745236123585723,26.440160072225677,1086,0.295316839201893,66.66666666666666,3824.4184093747126,49.1973786252885,12,22,11,18,15,0.045,0.4,1.2,28,0.3619060730839738
185.54453505163033,23.394909386183006,25.415198953462532,1101,0.29363272269492985,61.111111111111114,3743.0348230326063,41.7387039673945,12,17,11,18,15,0.045,0.4,1.2,25,0.3618038365681812
179.35431744700858,22.854241956216327,24.079782889798214,1101,0.29199452865816294,68.18181818181817,3618.33488094017,44.5869900598303,12,23,11,22,15,0.045,0.5,1.0,25,0.3614914297251788
178.93589665719574,22.81735168768777,26.031833144544013,1101,0.2909430840576169,68.42105263157895,3609.5264211439185,48.201777856084895,12,29,11,19,15,0.045,0.6,1.0,28,0.353450408209121
179.14774278549942,22.836034728888777,26.280742991700524,1101,0.29073746297407443,70.83333333333334,3614.203387709985,52.0882362900161,12,29,11,24,15,0.045,0.5,1.0,28,0.3526236724928643
0.39002284787320607,0.07802206167479842,29.276858740869844,1606,-0.5113244150061412,50.0,38.60894495746585,33.552044542535796,14,9,13,12,15,0.055,0.6,1.2,20,-0.3062178623870912
-0.7846370916827936,-0.15770270134267683,30.20733918847461,1697,-0.513466058329756,58.82352941176471,16.211356166344217,38.165880333656595,14,18,13,17,15,0.055,0.6,0.8,20,-0.30922737333363476
3.7305260886985248,0.7365301692531689,18.701057870637598,1697,-0.5952615420185463,60.0,105.41900977397106,26.766374726030197,11,6,10,10,15,0.035,0.6,1.2,20,-0.35034425376035155
2.801826559862388,0.5551794063334947,19.538407809971254,1697,-0.5924436447650462,75.0,86.84501919724848,28.5420588027533,11,10,10,12,15,0.035,0.6,1.0,20,-0.35044219699595824
1.8580682273291584,0.3695409553531759,20.28217643538232,1697,-0.6067499674577791,71.42857142857143,69.06546254658416,30.316439953416797,11,13,10,14,15,0.035,0.6,0.8,20,-0.36076777859097964
1.3751652863523987,0.2740208720263926,20.64497752731585,1697,-0.6181090100205083,66.66666666666666,58.75183772704897,29.6163012729521,11,6,10,12,15,0.035,0.5,1.2,20,-0.3684530776211683
-0.5032977459451786,-0.1010425350861599,22.253044370872725,1697,-0.6135629696598923,78.57142857142857,21.182577081095083,32.428877918904696,11,10,10,14,15,0.035,0.5,1.0,20,-0.3689945621670259
-1.4110751663999508,-0.28432683085163335,22.96466899064645,1697,-0.6192044785447018,75.0,3.922618672001228,33.849883828000195,11,10,10,16,15,0.035,0.4,1.0,20,-0.37389596035791733
-0.27835875198945814,-0.055833174194408475,21.86460019878269,1697,-0.6293711316954252,64.28571428571429,26.57694696021074,32.7962960397907,11,6,10,14,15,0.035,0.4,1.2,20,-0.37810029795663097
-0.8066524386515311,-0.16214188654032347,22.339011842515877,1697,-0.6315769941234365,71.42857142857143,16.27109922696929,32.4261122730316,11,13,10,14,15,0.035,0.5,0.8,20,-0.38031841485974394
-0.659908483723666,-0.13256722679202415,22.472288860606408,1697,-0.6415275952088962,62.5,18.70592832552694,33.526595174474,12,15,11,16,15,0.045,0.6,0.8,20,-0.3860351511839274
-0.013349550285465738,-0.0026748126780606896,22.011874208318975,1697,-0.6468158768422535,54.54545454545454,30.541496994291492,28.913444505709798,12,7,11,11,15,0.045,0.6,1.2,20,-0.3881123308310713
-1.5718350938766434,-0.3169255080065825,23.342577518743006,1697,-0.6463692037511855,69.23076923076923,-0.6282138775309818,32.4472528775329,12,11,11,13,15,0.045,0.6,1.0,20,-0.3904453950754624
-0.6415000723212643,-0.12885967673461618,22.246409130390894,1697,-0.6490176231177787,60.0,17.978486553574967,27.115348446426697,11,8,10,10,15,0.035,0.6,1.2,22,-0.3905033899308517
-2.5579515616419255,-0.5178257482366666,23.793798588148746,1697,-0.6440399239057638,73.33333333333333,-17.859293232838667,33.849702732839795,11,13,10,15,15,0.035,0.4,0.8,20,-0.39067026479069816
-3.5264495802091003,-0.7167253468631007,24.883033736493676,1697,-0.6597940058665747,73.33333333333333,-39.28045960418282,35.2788696041829,12,11,11,15,15,0.045,0.5,1.0,20,-0.401623666775698
-3.2154105920902794,-0.6526741710310757,24.414870236766063,1697,-0.6716185208275594,66.66666666666666,-33.059679841804794,29.6137488418061,11,8,10,12,15,0.035,0.5,1.2,22,-0.40825470368679734
-3.9201789544601984,-0.798041912329428,25.04762261533514,1697,-0.6713164049747724,62.5,-45.99943108920323,36.6920005892042,12,15,11,16,15,0.045,0.5,0.8,20,-0.40916810618232125
-5.151332030306253,-1.0540420281061835,26.217602940124447,1697,-0.6683421915343752,70.58823529411765,-70.88251860612482,37.4043761061264,12,11,11,17,15,0.045,0.4,1.0,20,-0.4092395152431051
-3.3061472960575653,-0.6713422391033341,24.65738922048417,1697,-0.6770238006759746,58.333333333333336,-34.874413921151756,32.4389709211517,12,7,11,12,15,0.045,0.5,1.2,20,-0.4116222024019965
-3.4559917634209567,-0.7022017631951205,24.72668510760247,1697,-0.6788292576899664,75.0,-38.31134726841832,28.8904602684203,11,10,10,12,15,0.035,0.6,1.0,22,-0.4129461303724211
-4.828955741876166,-0.9867530254020318,25.633449515172344,1697,-0.6792855933215134,64.28571428571429,-64.434992837523,32.793765837524695,11,8,10,14,15,0.035,0.4,1.2,22,-0.4153672321459286
-6.281193164455658,-1.2913289589174148,27.031934216954852,1697,-0.6862887020680554,61.111111111111114,-92.32412528911232,39.520712789113794,12,15,11,18,15,0.045,0.4,0.8,20,-0.4217080027622558
-4.5640805546782985,-0.9316023836002607,25.56233748921605,1697,-0.6934420618107127,71.42857142857143,-59.377513093566094,31.3675570935673,11,16,10,14,15,0.035,0.6,0.8,22,-0.4234356242231663
-6.322508005427596,-1.3000489242076418,27.09178692099182,1697,-0.6902160107122107,78.57142857142857,-95.20162810855373,31.721906108553696,11,10,10,14,15,0.035,0.5,1.0,22,-0.4241204201566123
-6.089263889231006,-1.250860373728191,26.918394974360577,1697,-0.6915546039085194,64.28571428571429,-89.64115578461977,36.322108784620696,12,7,11,14,15,0.045,0.4,1.2,20,-0.42457647463849624
-7.243607985775361,-1.4952607455472777,27.80749835988318,1697,-0.6950592493353652,75.0,-112.72803771550724,33.8460767155087,11,10,10,16,15,0.035,0.4,1.0,22,-0.4283777146641639
-6.899872491650148,-1.4222311843070767,27.351292860620852,1697,-0.7097605582275628,71.42857142857143,-105.59330183300187,33.125106833003095,11,16,10,14,15,0.035,0.5,0.8,22,-0.43673413966508967
-8.617116736180309,-1.7892522905125885,28.775074533220472,1697,-0.7206302926973767,73.33333333333333,-139.0425967236057,34.5486517236073,11,16,10,15,15,0.035,0.4,0.8,22,-0.4457202496028052
-7.740526521530024,-1.601218870492993,28.42107546672311,1697,-0.7416742500253889,54.54545454545454,-124.0020424305996,29.9640284306013,12,9,11,11,15,0.045,0.6,1.2,22,-0.4570186277346135
-9.788133505989117,-2.0427052804565027,30.0901031705821,1697,-0.7560002659570794,61.53846153846154,-164.51413811978267,32.4422491197833,12,9,11,13,15,0.045,0.5,1.2,22,-0.46849561768406706
-20.799237820727594,-4.564541651950959,31.118407774696045,617,-1.0794899442355639,61.53846153846154,-415.98475641455155,31.2664414145527,7,11,6,13,15,0.055,0.4,1.0,22,-0.6804241531945903
-20.35420853416441,-4.457340599126692,30.731361930667724,617,-1.1040309954493255,50.0,-407.0841706832887,28.4258826832893,7,10,6,10,15,0.055,0.4,1.2,22,-0.6945807350982043
-20.36656349820273,-4.460310257369294,30.742107150428605,619,-1.1230604827917852,53.84615384615385,-407.33126996405554,31.618377464056596,7,13,6,13,15,0.055,0.4,0.8,20,-0.7060142301874975
-20.554181134768623,-4.505451662274263,30.905279841960976,619,-1.128164081712768,61.53846153846154,-411.0836226953729,30.915592695373697,7,11,6,13,15,0.055,0.4,1.0,20,-0.709316133117919
-20.066623103677387,-4.388319979868783,30.481246378649335,619,-1.1357547485111728,44.44444444444444,-401.3324620735487,28.419093573549,7,8,6,9,15,0.055,0.4,1.2,20,-0.7132466110299541
-20.437250499367746,-4.477307781634199,30.797069924659226,996,-1.150901145299299,60.0,-408.7450099873545,27.407903487355597,8,11,7,10,15,0.055,0.6,1.0,20,-0.7228124167582222
-21.148138330876122,-4.648924046725722,31.415393464306305,619,-1.161991107063757,60.0,-422.9627666175219,25.961676617523697,7,11,6,10,15,0.055,0.6,1.0,22,-0.7303719757427101
-20.13237291508378,-4.404082430243205,30.519199363384793,620,-1.1641959221531013,70.0,-402.6474583016759,24.175596801676598,6,10,5,10,15,0.045,0.5,1.0,22,-0.7304056693647959
-20.43108836393793,-4.475825543036871,30.79171015730653,619,-1.1716616897984968,50.0,-408.6217672787584,24.2010077787596,7,15,6,10,15,0.055,0.6,0.8,22,-0.7352608673569558
-20.3041798716476,-4.445319397023617,30.68132634612534,619,-1.1772633996408435,37.5,-406.0835974329517,23.482481432953097,7,10,6,8,15,0.055,0.6,1.2,22,-0.7384595819735409
-20.322505198615627,-4.449722021460955,30.684604844539432,620,-1.1804908578286148,60.0,-406.4501039723123,24.175249472313,6,13,5,10,15,0.045,0.5,0.8,22,-0.7404261334200137
-21.949973602220645,-4.843987232030189,32.11921269978571,620,-1.1812934436299187,66.66666666666666,-438.9994720444126,26.3014610444137,6,10,5,12,15,0.045,0.4,1.0,22,-0.742964604639221
-20.57847836019298,-4.511303885505013,30.926411350393924,605,-1.186675173014066,63.63636363636363,-411.56956720386,27.7289572038611,7,14,6,11,15,0.055,0.4,0.8,22,-0.7444538043748762
-22.900412963487668,-5.077287907593231,32.92725436360202,619,-1.1836938195024673,63.63636363636363,-458.0082592697528,28.081337769754597,7,11,6,11,15,0.055,0.5,1.0,22,-0.7456090184238575
-21.35410968065951,-4.698878943234974,31.582048627068772,620,-1.1875251386766068,63.63636363636363,-427.08219361319016,27.7293971131908,7,11,6,11,15,0.055,0.5,1.0,20,-0.745960306425888
-21.216011600112164,-4.665374030984292,31.47442899455642,996,-1.2000104923134551,66.66666666666666,-424.3202320022416,24.204331502243598,7,10,6,9,15,0.045,0.6,1.0,22,-0.7532697636044065
-20.124968123472424,-4.402306733233496,30.52544965564535,997,-1.2037039667136682,54.54545454545454,-402.4993624694477,24.566444969448998,7,13,6,11,15,0.045,0.6,0.8,22,-0.7540943755184114
-22.799564334080674,-5.052424271868672,32.85810915406371,996,-1.199720942546111,50.0,-455.991286681613,24.194413181614,7,8,6,8,15,0.045,0.4,1.2,22,-0.7550890106118039
-21.993256831759574,-4.854562288869502,32.138074358693785,996,-1.2017580212631551,37.5,-439.86513663519213,26.6867316351921,8,8,7,8,15,0.055,0.5,1.2,20,-0.7553079333537758
-22.186149501255898,-4.9017473910034415,32.32461693483546,620,-1.2045741512581143,58.333333333333336,-443.7229900251177,26.301273025119098,6,13,5,12,15,0.045,0.4,0.8,22,-0.7572306019521353
-22.975149761563568,-5.0957306081169325,32.99227160221122,619,-1.2064321144683623,44.44444444444444,-459.50299523127245,26.6566352312727,7,10,6,9,15,0.055,0.5,1.2,22,-0.7593455378434381
-23.111993385867684,-5.129536447465533,33.111318641990636,619,-1.2073833557396887,54.54545454545454,-462.23986771735326,27.7285142173548,7,15,6,11,15,0.055,0.5,0.8,22,-0.7600874298716526
-21.933809085218535,-4.840039083239467,32.08635782251421,620,-1.2153491604075826,54.54545454545454,-438.67618170437,28.433541204370997,7,14,6,11,15,0.055,0.5,0.8,20,-0.7633876538981147
-20.581699491437167,-4.512079833791716,30.92271029732576,529,-1.329633726083364,42.857142857142854,-411.63398982874253,21.380457828743697,6,11,5,7,15,0.055,0.6,1.2,25,-0.8302364595450417
-20.398009143463877,-4.4678702437591085,30.76945570181296,477,-1.460125788647219,40.0,-407.96018286927847,22.4238548692786,5,12,4,5,15,0.055,0.4,0.8,28,-0.9082936259382084
-20.501845925002737,-4.492851077448967,30.85976345450552,478,-1.4707824122704283,40.0,-410.03691850005475,21.727987000055098,5,9,4,5,15,0.055,0.4,1.2,28,-0.9148202990309325
-20.71548930993731,-4.544331130517598,31.045570965920454,478,-1.4775070562271586,40.0,-414.3097861987461,21.020161698746097,5,11,4,5,15,0.055,0.4,1.0,28,-0.9191277023927403
-20.32912020264298,-4.451311462307328,30.703019211099985,513,-1.4787137052778836,33.33333333333333,-406.5824040528587,20.6255810528599,6,11,5,6,15,0.055,0.6,1.0,25,-0.9193616788273308
-20.538648835581466,-4.501711306690492,30.885265242377578,513,-1.4827764984095855,33.33333333333333,-410.77297671162955,20.6243137116299,6,13,5,6,15,0.055,0.6,0.8,25,-0.9220671638882808
-20.07985487050779,-4.391491247751411,30.47351131782498,505,-1.4920664476858996,25.0,-401.5970974101552,19.557166410155897,6,9,5,4,15,0.055,0.5,1.2,25,-0.9270606443970121
-20.539312488819473,-4.501871110036159,30.93330452777259,504,-1.4923708067373969,40.0,-410.7862497763889,20.620081276389598,6,9,5,5,15,0.055,0.4,1.2,25,-0.9277997288967116
-20.77575877991069,-4.55887387383661,31.119879976970736,504,-1.502320331680267,25.0,-415.5151755982138,21.6682205982139,6,9,5,4,15,0.055,0.5,1.2,28,-0.9340809714449634
-21.108368648503575,-4.639290598545786,31.3872615462663,479,-1.5018712127451608,40.0,-422.16737297007205,20.3114854700721,5,12,4,5,15,0.055,0.4,0.8,25,-0.9342461235227283
-20.758731134787354,-4.554764285731427,31.083178757366408,479,-1.5045909658578773,40.0,-415.1746226957471,20.316163695747598,5,10,4,5,15,0.055,0.4,1.0,25,-0.9354331601414736
-20.122868247498353,-4.401803198997478,30.52362320330286,479,-1.5136321362970708,25.0,-402.45736494996714,19.9830344499671,5,14,4,4,15,0.055,0.6,0.8,28,-0.940048585205595
-20.416630237681783,-4.472348149079597,30.80745628847183,504,-1.5148338702113602,25.0,-408.33260475363454,20.262223253635398,6,12,5,4,15,0.055,0.5,0.8,25,-0.9411308690098414
-20.692653961029077,-4.538823375981959,31.006615567855338,479,-1.5218064635819293,25.0,-413.85307922058166,20.3118617205819,5,14,4,4,15,0.055,0.5,0.8,28,-0.9456882690895382
-20.277181656653227,-4.438834602600339,30.65784355303257,505,-1.525040909920957,25.0,-405.54363313306396,20.2614671330651,6,9,5,4,15,0.055,0.6,1.2,28,-0.9470915327048861
-20.89310578207237,-4.587214560634589,31.18099852530001,479,-1.540471714613058,25.0,-417.8621156414472,19.9602211414479,5,12,4,4,15,0.055,0.5,1.0,28,-0.9571427622087239
-20.875873917860293,-4.583050757006301,31.166007673992464,505,-1.5515377019814764,25.0,-417.5174783572052,20.2617343572059,6,10,5,4,15,0.055,0.5,1.0,25,-0.963760422572936
-22.219361957839535,-4.909881206411937,32.38809361697982,504,-1.610663106935351,25.0,-444.38723915679,20.9654701567911,6,12,5,4,15,0.055,0.6,1.0,28,-1.0009073336483285
